CustomerID,TotalRevenue,TotalOrders,TotalQuantity,FirstPurchase,LastPurchase,Country,Region,AcquisitionChannel,SubscriptionPlan,AverageOrderValue,CustomerLifespanDays,CustomerLifespanMonths,PurchaseFrequencyPerMonth,HistoricalCLTV,CLTVDifference,CLTVSegment,CLTVSegmentSort
C00001,2048.2195,2,7,2026-01-01,2026-01-05,India,East,Organic Search,Basic,1024.11,4,1.0,2.0,2048.22,0.0,Low Value,1
C00002,3127.6169999999997,4,7,2026-02-06,2026-03-26,United Kingdom,North,Referral,Basic,781.9,48,1.58,2.53,3125.57,-2.05,Medium Value,2
C00003,22259.386000000002,7,22,2025-05-19,2025-09-23,United Kingdom,North,Social Media,Standard,3179.91,127,4.17,1.68,22277.18,17.79,Very High Value,4
C00004,10300.8,1,5,2025-08-06,2025-08-06,India,Central,Organic Search,Premium,10300.8,0,1.0,1.0,10300.8,0.0,High Value,3
C00005,900.224,1,4,2025-03-30,2025-03-30,India,East,Email,Basic,900.22,0,1.0,1.0,900.22,-0.0,Low Value,1
C00006,2345.088,3,5,2025-03-05,2025-04-23,India,North,Organic Search,Basic,781.7,49,1.61,1.86,2340.88,-4.21,Medium Value,2
C00007,76814.064,9,34,2025-01-27,2025-08-06,India,Central,Email,Premium,8534.9,191,6.27,1.44,77059.91,245.85,Very High Value,4
C00008,2672.1215,2,4,2025-06-13,2025-07-15,Canada,Central,Referral,Basic,1336.06,32,1.05,1.9,2665.44,-6.68,Medium Value,2
C00009,120106.263,12,42,2025-02-09,2025-10-20,United States,South,Organic Search,Premium,10008.86,253,8.31,1.44,119770.02,-336.24,Very High Value,4
C00010,10711.7085,2,4,2026-04-13,2026-05-10,India,East,Organic Search,Premium,5355.85,27,1.0,2.0,10711.7,-0.01,High Value,3
C00011,38429.2685,12,39,2025-07-25,2026-04-15,United States,East,Organic Search,Standard,3202.44,264,8.67,1.38,38315.91,-113.36,Very High Value,4
C00012,7816.741,6,20,2025-12-12,2026-05-04,India,South,Organic Search,Basic,1302.79,143,4.7,1.28,7837.58,20.84,High Value,3
C00013,47344.29749999999,6,21,2025-12-12,2026-05-31,United States,South,Email,Premium,7890.72,170,5.58,1.08,47552.64,208.34,Very High Value,4
C00014,5938.452,6,18,2025-05-20,2025-09-26,India,East,Referral,Basic,989.74,129,4.24,1.42,5959.03,20.58,High Value,3
C00015,18499.291,8,19,2025-10-30,2026-05-30,India,East,Referral,Standard,2312.41,212,6.96,1.15,18508.53,9.24,Very High Value,4
C00016,2611.879,2,2,2025-12-23,2026-01-08,India,East,Social Media,Standard,1305.94,16,1.0,2.0,2611.88,0.0,Medium Value,2
C00017,3670.38,2,6,2026-02-08,2026-03-06,India,Central,Email,Basic,1835.19,26,1.0,2.0,3670.38,0.0,Medium Value,2
C00018,1248.0465,1,3,2025-10-10,2025-10-10,Canada,North,Social Media,Basic,1248.05,0,1.0,1.0,1248.05,0.0,Low Value,1
C00019,7204.949999999999,2,7,2026-01-08,2026-02-04,India,North,Social Media,Standard,3602.47,27,1.0,2.0,7204.94,-0.01,High Value,3
C00020,614.0640000000001,1,3,2025-05-24,2025-05-24,United States,North,Affiliate,Basic,614.06,0,1.0,1.0,614.06,-0.0,Low Value,1
C00021,1047.04,1,4,2026-01-25,2026-01-25,India,East,Paid Search,Basic,1047.04,0,1.0,1.0,1047.04,0.0,Low Value,1
C00022,33369.746999999996,8,29,2026-01-26,2026-06-23,Australia,East,Referral,Standard,4171.22,148,4.86,1.65,33449.01,79.26,Very High Value,4
C00023,6206.5689999999995,2,7,2025-04-02,2025-05-17,Canada,East,Referral,Standard,3103.28,45,1.48,1.35,6200.35,-6.22,High Value,3
C00024,77011.682,8,20,2025-10-01,2025-12-18,Australia,Central,Referral,Premium,9626.46,78,2.56,3.12,76888.46,-123.22,Very High Value,4
C00025,3776.7740000000003,2,6,2025-12-14,2026-01-07,India,North,Paid Search,Basic,1888.39,24,1.0,2.0,3776.78,0.01,Medium Value,2
C00026,3723.759000000001,1,3,2026-02-28,2026-02-28,India,North,Paid Search,Standard,3723.76,0,1.0,1.0,3723.76,0.0,Medium Value,2
C00027,7795.064,2,6,2026-02-07,2026-03-23,Australia,North,Social Media,Standard,3897.53,44,1.45,1.38,7798.96,3.9,High Value,3
C00028,15536.4605,4,12,2025-12-11,2026-01-14,India,Central,Social Media,Standard,3884.12,34,1.12,3.57,15530.27,-6.19,Very High Value,4
C00029,2298.835,2,5,2025-04-29,2025-06-08,United States,South,Affiliate,Basic,1149.42,40,1.31,1.53,2303.78,4.95,Medium Value,2
C00030,242.5445,1,1,2025-08-13,2025-08-13,India,Central,Social Media,Basic,242.54,0,1.0,1.0,242.54,-0.0,Low Value,1
C00031,7467.258,6,17,2025-01-22,2025-04-08,United Kingdom,South,Email,Basic,1244.54,76,2.5,2.4,7467.24,-0.02,High Value,3
C00032,1208.649,2,6,2025-03-01,2025-03-23,Canada,North,Organic Search,Basic,604.32,22,1.0,2.0,1208.64,-0.01,Low Value,1
C00033,25697.0435,4,11,2025-12-26,2026-03-01,India,Central,Social Media,Premium,6424.26,65,2.14,1.87,25708.6,11.56,Very High Value,4
C00034,771.0859999999999,1,2,2025-10-03,2025-10-03,United States,West,Paid Search,Basic,771.09,0,1.0,1.0,771.09,0.0,Low Value,1
C00036,4198.92,3,6,2025-12-27,2026-01-23,United States,West,Organic Search,Standard,1399.64,27,1.0,3.0,4198.92,0.0,Medium Value,2
C00037,2663.1825,2,9,2025-04-23,2025-04-30,India,West,Organic Search,Basic,1331.59,7,1.0,2.0,2663.18,-0.0,Medium Value,2
C00039,26940.8695,4,10,2025-12-14,2026-02-12,Australia,North,Affiliate,Premium,6735.22,60,1.97,2.03,26934.82,-6.05,Very High Value,4
C00041,7420.4400000000005,2,7,2025-08-12,2025-09-07,India,West,Organic Search,Standard,3710.22,26,1.0,2.0,7420.44,-0.0,High Value,3
C00042,5371.68,2,6,2025-08-11,2025-09-21,United Kingdom,Central,Email,Standard,2685.84,41,1.35,1.48,5366.31,-5.37,High Value,3
C00043,7877.22,5,13,2025-05-23,2025-08-23,United States,Central,Affiliate,Basic,1575.44,92,3.02,1.66,7898.0,20.78,High Value,3
C00044,9441.3,1,5,2025-02-27,2025-02-27,Australia,Central,Email,Standard,9441.3,0,1.0,1.0,9441.3,0.0,High Value,3
C00045,1104.174,2,6,2025-10-04,2025-11-06,India,South,Organic Search,Basic,552.09,33,1.08,1.85,1103.08,-1.09,Low Value,1
C00047,21505.369,5,12,2025-08-23,2025-12-14,India,Central,Email,Premium,4301.07,113,3.71,1.35,21541.91,36.54,Very High Value,4
C00048,23617.489999999998,4,18,2026-01-12,2026-04-02,India,East,Paid Search,Standard,5904.37,80,2.63,1.52,23603.31,-14.18,Very High Value,4
C00049,8073.963,4,10,2025-06-29,2025-09-07,India,North,Affiliate,Standard,2018.49,70,2.3,1.74,8078.0,4.04,High Value,3
C00050,475.3135,1,1,2025-03-01,2025-03-01,India,South,Organic Search,Basic,475.31,0,1.0,1.0,475.31,-0.0,Low Value,1
C00051,3078.74,2,7,2025-02-23,2025-03-11,India,East,Referral,Basic,1539.37,16,1.0,2.0,3078.74,0.0,Medium Value,2
C00052,7013.407499999999,2,6,2025-06-10,2025-06-22,India,Central,Email,Standard,3506.7,12,1.0,2.0,7013.4,-0.01,High Value,3
C00053,17820.25,1,5,2025-12-27,2025-12-27,India,South,Organic Search,Premium,17820.25,0,1.0,1.0,17820.25,0.0,Very High Value,4
C00054,2780.675,2,9,2025-04-03,2025-05-04,India,Central,Paid Search,Basic,1390.34,31,1.02,1.96,2779.57,-1.11,Medium Value,2
C00055,20980.64,2,7,2026-03-23,2026-04-02,India,West,Paid Search,Premium,10490.32,10,1.0,2.0,20980.64,0.0,Very High Value,4
C00056,1531.938,2,4,2025-12-05,2025-12-16,India,East,Social Media,Basic,765.97,11,1.0,2.0,1531.94,0.0,Low Value,1
C00057,8784.214,6,18,2025-05-16,2025-10-03,United Kingdom,West,Organic Search,Basic,1464.04,140,4.6,1.3,8754.96,-29.25,High Value,3
C00058,63357.477,6,21,2025-02-20,2025-07-30,India,South,Affiliate,Premium,10559.58,160,5.26,1.14,63319.47,-38.01,Very High Value,4
C00059,2596.16,1,2,2025-04-15,2025-04-15,India,North,Social Media,Premium,2596.16,0,1.0,1.0,2596.16,0.0,Medium Value,2
C00060,2002.341,3,7,2026-04-04,2026-06-22,India,East,Organic Search,Basic,667.45,79,2.6,1.15,1995.68,-6.66,Low Value,1
C00062,1706.5970000000002,3,4,2025-05-07,2025-07-09,Canada,South,Referral,Basic,568.87,63,2.07,1.45,1707.46,0.86,Low Value,1
C00063,39591.5,3,12,2025-07-17,2025-09-17,United States,West,Referral,Premium,13197.17,62,2.04,1.47,39575.67,-15.83,Very High Value,4
C00064,2820.128,2,7,2025-05-27,2025-07-12,India,North,Organic Search,Basic,1410.06,46,1.51,1.32,2810.53,-9.6,Medium Value,2
C00065,44261.575,5,14,2025-05-05,2025-08-02,India,West,Referral,Premium,8852.31,89,2.92,1.71,44201.35,-60.22,Very High Value,4
C00066,2102.804,3,5,2025-05-12,2025-06-22,India,South,Organic Search,Basic,700.93,41,1.35,2.22,2100.69,-2.11,Low Value,1
C00067,25209.9,2,9,2026-04-03,2026-04-28,India,Central,Paid Search,Premium,12604.95,25,1.0,2.0,25209.9,0.0,Very High Value,4
C00068,13472.181999999999,2,6,2026-05-24,2026-06-20,India,East,Organic Search,Premium,6736.09,27,1.0,2.0,13472.18,-0.0,Very High Value,4
C00069,5573.152,6,11,2025-03-03,2025-06-17,United States,East,Email,Basic,928.86,106,3.48,1.72,5559.78,-13.37,High Value,3
C00070,2485.766,2,7,2025-10-09,2025-10-22,India,Central,Organic Search,Basic,1242.88,13,1.0,2.0,2485.76,-0.01,Medium Value,2
C00071,102011.9505,14,37,2025-10-20,2026-06-07,United States,Central,Affiliate,Premium,7286.57,230,7.56,1.85,101909.97,-101.98,Very High Value,4
C00072,20423.672,3,10,2025-05-05,2025-06-29,Australia,North,Paid Search,Premium,6807.89,55,1.81,1.66,20454.99,31.32,Very High Value,4
C00073,16912.205,7,17,2025-12-19,2026-04-01,India,East,Referral,Standard,2416.03,103,3.38,2.07,16904.0,-8.21,Very High Value,4
C00074,6705.2880000000005,2,5,2026-01-15,2026-01-18,India,South,Paid Search,Standard,3352.64,3,1.0,2.0,6705.28,-0.01,High Value,3
C00075,4278.6900000000005,4,9,2026-01-24,2026-03-15,United Kingdom,Central,Affiliate,Basic,1069.67,50,1.64,2.44,4280.39,1.7,Medium Value,2
C00076,15187.199,4,13,2025-06-22,2025-08-20,United States,West,Paid Search,Standard,3796.8,59,1.94,2.06,15173.53,-13.67,Very High Value,4
C00077,763.75,1,1,2025-08-30,2025-08-30,India,South,Social Media,Standard,763.75,0,1.0,1.0,763.75,0.0,Low Value,1
C00078,3841.6679999999997,3,6,2026-01-20,2026-04-07,India,North,Organic Search,Standard,1280.56,77,2.53,1.19,3855.38,13.71,Medium Value,2
C00079,4822.5070000000005,5,13,2025-03-04,2025-05-11,United States,South,Referral,Basic,964.5,68,2.23,2.24,4817.87,-4.64,Medium Value,2
C00080,1325.35,1,1,2025-01-25,2025-01-25,United Kingdom,West,Organic Search,Standard,1325.35,0,1.0,1.0,1325.35,0.0,Low Value,1
C00081,1365.69,1,3,2026-04-14,2026-04-14,United States,South,Email,Basic,1365.69,0,1.0,1.0,1365.69,0.0,Low Value,1
C00082,93594.4495,11,33,2025-04-01,2025-12-20,Canada,North,Email,Premium,8508.59,263,8.64,1.27,93363.06,-231.39,Very High Value,4
C00083,5676.259,4,5,2026-02-15,2026-04-04,United States,South,Social Media,Standard,1419.06,48,1.58,2.53,5672.55,-3.71,High Value,3
C00084,15137.169999999998,3,9,2025-10-31,2025-12-25,India,North,Paid Search,Standard,5045.72,55,1.81,1.66,15160.37,23.2,Very High Value,4
C00085,4619.2325,1,5,2025-11-09,2025-11-09,United Kingdom,West,Email,Standard,4619.23,0,1.0,1.0,4619.23,-0.0,Medium Value,2
C00086,3370.9500000000003,1,5,2026-03-22,2026-03-22,Canada,West,Affiliate,Standard,3370.95,0,1.0,1.0,3370.95,-0.0,Medium Value,2
C00087,59945.901,13,45,2025-05-15,2026-03-26,United States,East,Referral,Standard,4611.22,315,10.35,1.26,60134.92,189.02,Very High Value,4
C00088,3530.6220000000003,2,7,2025-06-02,2025-06-30,India,East,Social Media,Basic,1765.31,28,1.0,2.0,3530.62,-0.0,Medium Value,2
C00089,3846.3435,3,9,2025-03-06,2025-05-04,India,South,Organic Search,Basic,1282.11,59,1.94,1.55,3855.3,8.96,Medium Value,2
C00090,4010.9404999999997,3,10,2025-08-13,2025-10-10,India,Central,Paid Search,Basic,1336.98,58,1.91,1.57,4009.2,-1.74,Medium Value,2
C00091,15007.175,11,35,2025-07-29,2026-02-03,Australia,Central,Affiliate,Basic,1364.29,189,6.21,1.77,14995.87,-11.3,Very High Value,4
C00092,654.2370000000001,1,3,2025-11-16,2025-11-16,Australia,North,Paid Search,Basic,654.24,0,1.0,1.0,654.24,0.0,Low Value,1
C00093,11602.599999999999,4,11,2026-04-06,2026-06-26,India,West,Affiliate,Standard,2900.65,81,2.66,1.5,11573.59,-29.01,High Value,3
C00094,2475.936,1,2,2026-04-10,2026-04-10,India,South,Organic Search,Standard,2475.94,0,1.0,1.0,2475.94,0.0,Medium Value,2
C00095,10638.675,2,7,2025-12-27,2026-03-14,United States,West,Email,Premium,5319.34,77,2.53,0.79,10631.76,-6.91,High Value,3
C00096,8626.24,3,9,2025-11-23,2025-12-30,United Kingdom,West,Social Media,Standard,2875.41,37,1.22,2.46,8629.68,3.44,High Value,3
C00097,7624.137,6,15,2025-09-06,2026-01-05,India,West,Organic Search,Basic,1270.69,121,3.98,1.51,7636.59,12.45,High Value,3
C00098,41366.4765,4,15,2025-08-26,2025-11-09,India,West,Paid Search,Premium,10341.62,75,2.46,1.63,41467.83,101.35,Very High Value,4
C00099,5561.650000000001,4,15,2026-04-05,2026-06-14,United States,North,Organic Search,Basic,1390.41,70,2.3,1.74,5564.42,2.77,High Value,3
C00100,16792.84,2,6,2025-04-26,2025-04-30,United States,North,Email,Premium,8396.42,4,1.0,2.0,16792.84,0.0,Very High Value,4
C00101,838.98,1,1,2025-01-19,2025-01-19,India,South,Email,Standard,838.98,0,1.0,1.0,838.98,0.0,Low Value,1
C00102,328.03200000000004,1,1,2025-05-14,2025-05-14,United States,East,Social Media,Basic,328.03,0,1.0,1.0,328.03,-0.0,Low Value,1
C00103,3994.817,4,14,2026-02-12,2026-04-20,Australia,South,Email,Basic,998.7,67,2.2,1.82,3998.79,3.97,Medium Value,2
C00104,14464.3695,4,14,2025-06-28,2025-08-14,India,West,Social Media,Standard,3616.09,47,1.54,2.6,14478.82,14.45,Very High Value,4
C00105,19727.504,7,20,2025-12-28,2026-05-14,India,South,Referral,Standard,2818.21,137,4.5,1.56,19783.83,56.33,Very High Value,4
C00106,8895.822,5,17,2025-11-19,2026-03-17,United States,Central,Referral,Basic,1779.16,118,3.88,1.29,8905.05,9.23,High Value,3
C00107,798.286,1,2,2025-08-03,2025-08-03,India,East,Organic Search,Basic,798.29,0,1.0,1.0,798.29,0.0,Low Value,1
C00108,3135.027,2,7,2025-09-07,2025-10-06,United States,West,Affiliate,Basic,1567.51,29,1.0,2.0,3135.02,-0.01,Medium Value,2
C00109,4041.697,2,6,2025-12-31,2026-01-19,United States,Central,Paid Search,Basic,2020.85,19,1.0,2.0,4041.7,0.0,Medium Value,2
C00110,3269.228,3,10,2025-11-04,2025-12-20,Canada,South,Paid Search,Basic,1089.74,46,1.51,1.99,3274.56,5.33,Medium Value,2
C00111,183.168,1,1,2025-05-14,2025-05-14,United Kingdom,Central,Referral,Basic,183.17,0,1.0,1.0,183.17,0.0,Low Value,1
C00112,6234.981,2,5,2026-04-05,2026-04-29,India,West,Paid Search,Standard,3117.49,24,1.0,2.0,6234.98,-0.0,High Value,3
C00113,20565.0675,4,17,2026-04-02,2026-06-23,United Kingdom,East,Email,Standard,5141.27,82,2.69,1.49,20606.72,41.65,Very High Value,4
C00114,5610.7605,5,16,2025-06-01,2025-07-16,United Kingdom,West,Email,Basic,1122.15,45,1.48,3.38,5613.44,2.68,High Value,3
C00115,2169.8495000000003,2,4,2026-01-28,2026-02-11,India,North,Social Media,Basic,1084.92,14,1.0,2.0,2169.84,-0.01,Low Value,1
C00116,6753.35,1,5,2025-06-11,2025-06-11,India,East,Email,Standard,6753.35,0,1.0,1.0,6753.35,0.0,High Value,3
C00117,485.0,1,4,2026-02-12,2026-02-12,United States,East,Social Media,Basic,485.0,0,1.0,1.0,485.0,0.0,Low Value,1
C00118,8855.8055,3,7,2025-03-09,2025-05-26,India,East,Email,Standard,2951.94,78,2.56,1.17,8841.65,-14.16,High Value,3
C00119,3730.365,1,3,2025-05-03,2025-05-03,India,West,Organic Search,Standard,3730.36,0,1.0,1.0,3730.36,-0.0,Medium Value,2
C00120,254.68,1,1,2025-11-02,2025-11-02,Canada,North,Paid Search,Basic,254.68,0,1.0,1.0,254.68,0.0,Low Value,1
C00121,2335.234,3,6,2025-06-11,2025-07-22,India,Central,Organic Search,Basic,778.41,41,1.35,2.22,2332.89,-2.34,Medium Value,2
C00122,1987.191,1,1,2025-06-16,2025-06-16,United Kingdom,South,Email,Standard,1987.19,0,1.0,1.0,1987.19,-0.0,Low Value,1
C00123,6688.079,5,16,2025-02-05,2025-03-28,India,West,Social Media,Basic,1337.62,51,1.68,2.98,6696.66,8.58,High Value,3
C00124,893.4000000000001,1,3,2025-05-13,2025-05-13,India,West,Affiliate,Basic,893.4,0,1.0,1.0,893.4,-0.0,Low Value,1
C00125,24794.0975,11,34,2025-10-27,2026-05-24,India,North,Email,Standard,2254.01,209,6.87,1.6,24776.08,-18.02,Very High Value,4
C00126,4434.52,2,6,2025-02-18,2025-02-20,United Kingdom,North,Affiliate,Basic,2217.26,2,1.0,2.0,4434.52,0.0,Medium Value,2
C00127,46586.775499999996,3,12,2025-12-02,2026-01-25,India,Central,Organic Search,Premium,15528.93,54,1.77,1.69,46451.69,-135.09,Very High Value,4
C00128,7055.537,9,25,2025-11-27,2026-05-18,United Kingdom,East,Affiliate,Basic,783.95,172,5.65,1.59,7042.61,-12.93,High Value,3
C00129,2793.04,2,8,2025-03-06,2025-04-04,United Kingdom,South,Affiliate,Basic,1396.52,29,1.0,2.0,2793.04,0.0,Medium Value,2
C00130,4141.3060000000005,4,9,2025-05-14,2025-07-25,India,North,Organic Search,Basic,1035.33,72,2.37,1.69,4146.81,5.5,Medium Value,2
C00131,7296.85,2,9,2025-09-06,2025-09-20,India,South,Paid Search,Basic,3648.42,14,1.0,2.0,7296.84,-0.01,High Value,3
C00132,9822.263,4,12,2025-02-20,2025-05-06,United States,East,Email,Standard,2455.57,75,2.46,1.63,9846.34,24.08,High Value,3
C00133,1752.8,1,4,2026-05-09,2026-05-09,India,North,Organic Search,Standard,1752.8,0,1.0,1.0,1752.8,0.0,Low Value,1
C00134,6377.358499999999,3,10,2026-03-05,2026-04-06,India,North,Organic Search,Basic,2125.79,32,1.05,2.86,6383.75,6.39,High Value,3
C00135,17281.766,6,23,2025-10-21,2026-04-09,India,West,Affiliate,Standard,2880.29,170,5.58,1.08,17357.78,76.01,Very High Value,4
C00137,887.5595,2,2,2025-08-27,2025-08-28,India,Central,Referral,Basic,443.78,1,1.0,2.0,887.56,0.0,Low Value,1
C00138,31736.361,5,17,2026-03-20,2026-06-12,Australia,Central,Referral,Premium,6347.27,84,2.76,1.81,31708.42,-27.94,Very High Value,4
C00139,5450.56,1,4,2025-06-10,2025-06-10,India,South,Social Media,Standard,5450.56,0,1.0,1.0,5450.56,0.0,High Value,3
C00140,575.858,1,1,2025-05-18,2025-05-18,United Kingdom,West,Affiliate,Standard,575.86,0,1.0,1.0,575.86,0.0,Low Value,1
C00141,59264.36,4,13,2025-07-31,2025-10-23,United States,East,Paid Search,Premium,14816.09,84,2.76,1.45,59293.99,29.63,Very High Value,4
C00142,2745.96,1,3,2026-01-07,2026-01-07,United States,West,Social Media,Standard,2745.96,0,1.0,1.0,2745.96,0.0,Medium Value,2
C00143,3057.8,1,5,2025-06-25,2025-06-25,Australia,North,Paid Search,Basic,3057.8,0,1.0,1.0,3057.8,0.0,Medium Value,2
C00144,4119.524,4,10,2025-01-15,2025-02-25,India,Central,Email,Basic,1029.88,41,1.35,2.96,4115.4,-4.12,Medium Value,2
C00145,1231.31,2,9,2025-12-10,2025-12-25,United States,West,Referral,Basic,615.66,15,1.0,2.0,1231.32,0.01,Low Value,1
C00146,21547.42,3,6,2026-05-10,2026-06-04,India,West,Paid Search,Premium,7182.47,25,1.0,3.0,21547.41,-0.01,Very High Value,4
C00147,10955.485,3,11,2025-05-24,2025-06-13,United Kingdom,East,Email,Standard,3651.83,20,1.0,3.0,10955.49,0.0,High Value,3
C00148,2427.74,1,2,2026-03-22,2026-03-22,Australia,West,Affiliate,Standard,2427.74,0,1.0,1.0,2427.74,0.0,Medium Value,2
C00149,2035.274,2,8,2026-05-22,2026-06-10,United States,Central,Email,Basic,1017.64,19,1.0,2.0,2035.28,0.01,Low Value,1
C00150,4140.45,2,10,2025-09-10,2025-09-20,India,Central,Paid Search,Basic,2070.22,10,1.0,2.0,4140.44,-0.01,Medium Value,2
C00151,16724.323,6,17,2026-01-31,2026-06-20,India,North,Referral,Standard,2787.39,140,4.6,1.3,16668.59,-55.73,Very High Value,4
C00152,1013.13,1,5,2026-05-11,2026-05-11,Canada,East,Referral,Basic,1013.13,0,1.0,1.0,1013.13,0.0,Low Value,1
C00153,694.8879999999999,2,3,2025-11-19,2025-11-20,Canada,West,Social Media,Basic,347.44,1,1.0,2.0,694.88,-0.01,Low Value,1
C00154,7764.46,1,2,2025-07-15,2025-07-15,India,Central,Social Media,Premium,7764.46,0,1.0,1.0,7764.46,0.0,High Value,3
C00155,7066.737,2,6,2026-01-22,2026-02-01,India,West,Organic Search,Standard,3533.37,10,1.0,2.0,7066.74,0.0,High Value,3
C00156,8197.008,4,7,2026-03-08,2026-05-14,India,West,Social Media,Standard,2049.25,67,2.2,1.82,8205.2,8.19,High Value,3
C00157,1872.2,1,1,2025-03-24,2025-03-24,India,North,Social Media,Premium,1872.2,0,1.0,1.0,1872.2,0.0,Low Value,1
C00158,14160.841,2,6,2025-03-09,2025-04-15,India,West,Referral,Premium,7080.42,37,1.22,1.64,14166.5,5.66,Very High Value,4
C00159,12114.8195,3,9,2025-03-21,2025-04-24,India,South,Paid Search,Standard,4038.27,34,1.12,2.68,12121.27,6.45,Very High Value,4
C00160,54210.2225,6,22,2025-11-21,2026-03-21,Canada,North,Email,Premium,9035.04,120,3.94,1.52,54109.05,-101.17,Very High Value,4
C00161,3201.9275,1,5,2025-07-24,2025-07-24,Canada,West,Affiliate,Basic,3201.93,0,1.0,1.0,3201.93,0.0,Medium Value,2
C00162,6865.07,2,6,2025-12-04,2026-01-10,Australia,East,Email,Standard,3432.54,37,1.22,1.64,6867.83,2.76,High Value,3
C00163,8252.148000000001,2,9,2025-02-27,2025-04-08,India,North,Referral,Standard,4126.07,40,1.31,1.53,8269.88,17.73,High Value,3
C00164,1002.85,1,5,2025-01-26,2025-01-26,India,North,Paid Search,Basic,1002.85,0,1.0,1.0,1002.85,0.0,Low Value,1
C00165,372.4665,1,1,2025-10-26,2025-10-26,India,South,Paid Search,Basic,372.47,0,1.0,1.0,372.47,0.0,Low Value,1
C00166,467.115,1,3,2025-12-09,2025-12-09,Australia,West,Email,Basic,467.12,0,1.0,1.0,467.12,0.0,Low Value,1
C00167,1465.35,1,5,2025-05-27,2025-05-27,Canada,North,Social Media,Basic,1465.35,0,1.0,1.0,1465.35,0.0,Low Value,1
C00168,125359.198,13,41,2025-10-10,2026-06-29,Australia,West,Organic Search,Premium,9643.02,262,8.61,1.51,125369.87,10.67,Very High Value,4
C00169,2401.258,1,4,2025-08-26,2025-08-26,Canada,West,Email,Basic,2401.26,0,1.0,1.0,2401.26,0.0,Medium Value,2
C00170,22098.466,4,16,2025-09-20,2025-10-30,United Kingdom,West,Organic Search,Standard,5524.62,40,1.31,3.05,22073.62,-24.85,Very High Value,4
C00171,9025.749,3,8,2025-07-01,2025-08-19,India,West,Organic Search,Standard,3008.58,49,1.61,1.86,9009.49,-16.26,High Value,3
C00172,34528.815,3,13,2026-02-07,2026-03-30,United States,Central,Affiliate,Premium,11509.61,51,1.68,1.79,34611.7,82.88,Very High Value,4
C00173,2471.8465,2,4,2026-02-14,2026-03-25,United States,Central,Referral,Basic,1235.92,39,1.28,1.56,2467.89,-3.96,Medium Value,2
C00174,10663.522500000001,3,7,2025-05-14,2025-05-30,United Kingdom,South,Email,Premium,3554.51,16,1.0,3.0,10663.53,0.01,High Value,3
C00175,8124.746999999999,4,9,2025-06-13,2025-08-30,United Kingdom,North,Referral,Standard,2031.19,78,2.56,1.56,8111.76,-12.99,High Value,3
C00176,1689.0639999999999,2,7,2025-06-14,2025-06-24,India,West,Paid Search,Basic,844.53,10,1.0,2.0,1689.06,-0.0,Low Value,1
C00178,1292.34,2,6,2025-09-25,2025-09-28,United States,East,Affiliate,Basic,646.17,3,1.0,2.0,1292.34,0.0,Low Value,1
C00179,10908.085000000001,4,10,2025-02-13,2025-05-03,Canada,South,Organic Search,Standard,2727.02,79,2.6,1.54,10918.99,10.9,High Value,3
C00180,485.01,1,1,2026-03-29,2026-03-29,India,East,Referral,Basic,485.01,0,1.0,1.0,485.01,0.0,Low Value,1
C00181,1998.5,1,1,2025-03-26,2025-03-26,United Kingdom,East,Social Media,Premium,1998.5,0,1.0,1.0,1998.5,0.0,Low Value,1
C00182,36223.2525,8,14,2025-03-23,2025-07-31,India,West,Email,Premium,4527.91,130,4.27,1.87,36154.91,-68.34,Very High Value,4
C00183,3158.608,3,8,2026-04-28,2026-06-14,United Kingdom,North,Email,Basic,1052.87,47,1.54,1.95,3161.77,3.16,Medium Value,2
C00184,1830.45,1,5,2026-01-02,2026-01-02,India,South,Paid Search,Basic,1830.45,0,1.0,1.0,1830.45,0.0,Low Value,1
C00185,4955.483,6,15,2025-03-03,2025-05-18,India,Central,Organic Search,Basic,825.91,76,2.5,2.4,4955.46,-0.02,High Value,3
C00186,7085.378999999999,2,6,2026-02-10,2026-03-11,India,Central,Email,Standard,3542.69,29,1.0,2.0,7085.38,0.0,High Value,3
C00187,24272.495,4,10,2025-08-18,2025-10-18,United Kingdom,West,Email,Premium,6068.12,61,2.0,2.0,24272.48,-0.01,Very High Value,4
C00188,534.622,1,1,2026-01-04,2026-01-04,India,West,Paid Search,Basic,534.62,0,1.0,1.0,534.62,-0.0,Low Value,1
C00189,2084.965,1,5,2025-12-20,2025-12-20,India,East,Paid Search,Basic,2084.96,0,1.0,1.0,2084.96,-0.01,Low Value,1
C00190,3728.1899999999996,2,7,2026-05-16,2026-06-12,India,West,Referral,Basic,1864.09,27,1.0,2.0,3728.18,-0.01,Medium Value,2
C00191,5557.032999999999,5,17,2025-01-27,2025-04-21,India,East,Organic Search,Basic,1111.41,84,2.76,1.81,5552.16,-4.87,High Value,3
C00192,2646.3,1,5,2025-02-24,2025-02-24,India,Central,Referral,Basic,2646.3,0,1.0,1.0,2646.3,0.0,Medium Value,2
C00193,41956.9875,5,14,2025-07-06,2025-09-12,India,Central,Referral,Premium,8391.4,68,2.23,2.24,41916.72,-40.27,Very High Value,4
C00194,14641.198,2,5,2025-03-20,2025-04-04,India,South,Social Media,Premium,7320.6,15,1.0,2.0,14641.2,0.0,Very High Value,4
C00195,1354.4805,2,3,2025-07-16,2025-08-27,United Kingdom,South,Referral,Basic,677.24,42,1.38,1.45,1355.16,0.68,Low Value,1
C00196,2837.5570000000002,4,10,2025-03-22,2025-05-31,India,Central,Referral,Basic,709.39,70,2.3,1.74,2838.98,1.42,Medium Value,2
C00197,3183.444,1,4,2025-07-29,2025-07-29,India,North,Social Media,Basic,3183.44,0,1.0,1.0,3183.44,-0.0,Medium Value,2
C00198,8105.58,3,7,2026-02-01,2026-03-21,India,Central,Referral,Standard,2701.86,48,1.58,1.9,8110.98,5.4,High Value,3
C00199,33809.496,6,21,2025-09-17,2025-12-28,United States,West,Referral,Standard,5634.92,102,3.35,1.79,33789.8,-19.7,Very High Value,4
C00200,2985.831,3,10,2025-02-20,2025-03-31,United Kingdom,East,Referral,Basic,995.28,39,1.28,2.34,2981.06,-4.77,Medium Value,2
C00201,9233.98,2,7,2025-11-26,2025-12-31,India,East,Email,Standard,4616.99,35,1.15,1.74,9238.6,4.62,High Value,3
C00202,1351.3395,2,4,2025-09-27,2025-12-17,United States,North,Email,Basic,675.67,81,2.66,0.75,1347.96,-3.38,Low Value,1
C00203,16690.765,2,10,2026-04-19,2026-05-20,India,South,Referral,Premium,8345.38,31,1.02,1.96,16684.08,-6.68,Very High Value,4
C00204,2107.85,1,5,2026-03-18,2026-03-18,United States,West,Social Media,Basic,2107.85,0,1.0,1.0,2107.85,0.0,Low Value,1
C00205,1026.9,1,3,2025-05-28,2025-05-28,United States,South,Paid Search,Basic,1026.9,0,1.0,1.0,1026.9,0.0,Low Value,1
C00206,1098.6634999999999,3,3,2025-03-01,2025-05-11,United States,North,Organic Search,Basic,366.22,71,2.33,1.29,1100.75,2.09,Low Value,1
C00208,11199.081999999999,3,8,2026-04-05,2026-06-05,Canada,West,Email,Standard,3733.03,61,2.0,1.5,11199.09,0.01,High Value,3
C00209,1371.0,1,4,2025-11-06,2025-11-06,United Kingdom,North,Paid Search,Basic,1371.0,0,1.0,1.0,1371.0,0.0,Low Value,1
C00210,1342.38,1,3,2025-05-04,2025-05-04,Canada,East,Referral,Basic,1342.38,0,1.0,1.0,1342.38,0.0,Low Value,1
C00211,49587.0265,7,24,2025-11-12,2026-03-04,Canada,West,Organic Search,Premium,7083.86,112,3.68,1.9,49530.35,-56.68,Very High Value,4
C00212,12447.42,3,11,2026-02-01,2026-04-17,India,Central,Email,Premium,4149.14,75,2.46,1.22,12452.4,4.98,Very High Value,4
C00213,2733.8630000000003,4,7,2025-06-02,2025-07-23,United States,East,Organic Search,Basic,683.47,51,1.68,2.38,2732.79,-1.07,Medium Value,2
C00214,6382.02,4,16,2025-01-19,2025-04-27,United Kingdom,South,Organic Search,Basic,1595.5,98,3.22,1.24,6370.51,-11.51,High Value,3
C00215,1852.0100000000002,2,4,2025-12-05,2026-01-15,United States,North,Affiliate,Basic,926.01,41,1.35,1.48,1850.17,-1.84,Low Value,1
C00216,23999.334499999997,10,24,2025-07-07,2025-12-25,United States,East,Organic Search,Standard,2399.93,171,5.62,1.78,24007.94,8.61,Very High Value,4
C00217,2732.44,2,4,2025-03-12,2025-03-22,India,South,Referral,Standard,1366.22,10,1.0,2.0,2732.44,0.0,Medium Value,2
C00218,1069.9085,2,4,2025-05-31,2025-07-10,India,West,Social Media,Basic,534.95,40,1.31,1.53,1072.2,2.29,Low Value,1
C00219,3884.035,5,14,2026-02-13,2026-04-18,India,East,Social Media,Basic,776.81,64,2.1,2.38,3882.5,-1.53,Medium Value,2
C00220,8819.858,5,20,2025-10-01,2025-12-23,India,East,Social Media,Basic,1763.97,83,2.73,1.83,8812.62,-7.24,High Value,3
C00221,5329.27,2,5,2025-01-31,2025-02-18,United States,South,Organic Search,Standard,2664.64,18,1.0,2.0,5329.28,0.01,High Value,3
C00222,3471.281,3,7,2025-03-16,2025-04-21,India,West,Organic Search,Basic,1157.09,36,1.18,2.54,3468.03,-3.25,Medium Value,2
C00223,2117.333,1,1,2025-10-13,2025-10-13,India,East,Social Media,Premium,2117.33,0,1.0,1.0,2117.33,-0.0,Low Value,1
C00224,4156.56,1,3,2025-01-12,2025-01-12,Canada,North,Social Media,Standard,4156.56,0,1.0,1.0,4156.56,0.0,Medium Value,2
C00225,4578.556,3,13,2026-01-04,2026-02-06,India,East,Email,Basic,1526.19,33,1.08,2.78,4582.23,3.67,Medium Value,2
C00227,21262.5255,7,18,2026-03-29,2026-06-25,United Kingdom,West,Organic Search,Standard,3037.5,88,2.89,2.42,21243.67,-18.86,Very High Value,4
C00228,1667.7,1,5,2025-06-23,2025-06-23,India,South,Referral,Basic,1667.7,0,1.0,1.0,1667.7,0.0,Low Value,1
C00229,261.96,1,1,2025-03-12,2025-03-12,Canada,South,Social Media,Basic,261.96,0,1.0,1.0,261.96,0.0,Low Value,1
C00230,1736.13,1,3,2026-02-26,2026-02-26,India,South,Email,Basic,1736.13,0,1.0,1.0,1736.13,0.0,Low Value,1
C00231,6014.684,2,6,2025-11-11,2025-12-14,India,North,Organic Search,Standard,3007.34,33,1.08,1.85,6008.67,-6.01,High Value,3
C00232,2091.482,1,1,2026-02-16,2026-02-16,India,Central,Social Media,Premium,2091.48,0,1.0,1.0,2091.48,-0.0,Low Value,1
C00233,16929.565000000002,4,13,2025-12-21,2026-02-21,Canada,East,Affiliate,Standard,4232.39,62,2.04,1.96,16922.79,-6.78,Very High Value,4
C00234,1383.35,1,1,2025-03-03,2025-03-03,United States,East,Social Media,Standard,1383.35,0,1.0,1.0,1383.35,0.0,Low Value,1
C00235,151.3255,1,1,2025-02-22,2025-02-22,India,West,Paid Search,Basic,151.33,0,1.0,1.0,151.33,0.0,Low Value,1
C00236,3115.89,2,4,2025-12-19,2026-01-28,United Kingdom,North,Referral,Standard,1557.94,40,1.31,1.53,3122.58,6.69,Medium Value,2
C00237,28084.208,8,21,2025-11-11,2026-04-30,India,North,Affiliate,Standard,3510.53,170,5.58,1.43,28011.92,-72.29,Very High Value,4
C00238,3256.644,2,8,2025-06-28,2025-08-04,India,Central,Email,Basic,1628.32,37,1.22,1.64,3257.94,1.3,Medium Value,2
C00239,7765.91,4,19,2026-04-24,2026-06-26,India,North,Referral,Basic,1941.48,63,2.07,1.93,7756.41,-9.5,High Value,3
C00240,300.62,1,1,2025-08-27,2025-08-27,India,Central,Affiliate,Basic,300.62,0,1.0,1.0,300.62,0.0,Low Value,1
C00241,540.23,1,1,2025-07-03,2025-07-03,United States,East,Paid Search,Basic,540.23,0,1.0,1.0,540.23,0.0,Low Value,1
C00242,5480.208,6,17,2025-08-16,2025-12-05,United Kingdom,North,Organic Search,Basic,913.37,111,3.65,1.64,5467.43,-12.78,High Value,3
C00243,1370.65,1,5,2026-03-30,2026-03-30,Canada,Central,Email,Basic,1370.65,0,1.0,1.0,1370.65,0.0,Low Value,1
C00244,9532.448,3,7,2025-04-02,2025-04-08,Australia,East,Affiliate,Standard,3177.48,6,1.0,3.0,9532.44,-0.01,High Value,3
C00245,4896.328,5,14,2025-11-09,2026-01-22,India,North,Email,Basic,979.27,74,2.43,2.06,4902.03,5.7,High Value,3
C00246,17504.178499999998,6,20,2026-02-28,2026-06-11,India,Central,Organic Search,Standard,2917.36,103,3.38,1.78,17552.0,47.82,Very High Value,4
C00247,1053.1999999999998,1,5,2025-02-03,2025-02-03,Australia,South,Paid Search,Basic,1053.2,0,1.0,1.0,1053.2,0.0,Low Value,1
C00248,3066.067,3,8,2025-04-20,2025-07-20,India,South,Organic Search,Basic,1022.02,91,2.99,1.0,3055.84,-10.23,Medium Value,2
C00249,1858.0145,2,4,2025-10-17,2025-10-19,India,Central,Referral,Basic,929.01,2,1.0,2.0,1858.02,0.01,Low Value,1
C00250,42775.407999999996,5,18,2025-03-23,2025-06-17,India,South,Email,Premium,8555.08,86,2.83,1.77,42853.25,77.84,Very High Value,4
C00251,856.4855,4,4,2026-03-06,2026-06-04,India,West,Affiliate,Basic,214.12,90,2.96,1.35,855.62,-0.87,Low Value,1
C00252,4994.391,4,10,2025-08-23,2025-10-22,India,West,Email,Basic,1248.6,60,1.97,2.03,4993.28,-1.11,High Value,3
C00253,63088.5605,7,21,2026-03-01,2026-05-31,India,South,Social Media,Premium,9012.65,91,2.99,2.34,63057.91,-30.65,Very High Value,4
C00254,5246.714,4,11,2025-08-29,2025-10-14,India,West,Referral,Basic,1311.68,46,1.51,2.65,5248.69,1.98,High Value,3
C00255,2333.871,2,5,2025-05-06,2025-05-24,Canada,South,Referral,Basic,1166.94,18,1.0,2.0,2333.88,0.01,Medium Value,2
C00256,3030.72,1,4,2025-07-17,2025-07-17,United States,North,Social Media,Standard,3030.72,0,1.0,1.0,3030.72,0.0,Medium Value,2
C00257,28949.8915,9,26,2025-03-18,2025-07-14,India,East,Referral,Standard,3216.65,118,3.88,2.32,28955.0,5.11,Very High Value,4
C00258,22988.756,6,11,2025-02-26,2025-07-08,United States,South,Affiliate,Premium,3831.46,132,4.34,1.38,22947.38,-41.38,Very High Value,4
C00259,2362.44,1,4,2025-08-23,2025-08-23,India,Central,Organic Search,Basic,2362.44,0,1.0,1.0,2362.44,0.0,Medium Value,2
C00261,370.4215,1,1,2025-03-20,2025-03-20,United States,West,Organic Search,Basic,370.42,0,1.0,1.0,370.42,-0.0,Low Value,1
C00262,432.0,1,2,2025-08-25,2025-08-25,India,North,Email,Basic,432.0,0,1.0,1.0,432.0,0.0,Low Value,1
C00263,5619.7919999999995,3,10,2026-05-13,2026-06-16,India,Central,Email,Standard,1873.26,34,1.12,2.68,5622.78,2.99,High Value,3
C00264,7119.018,3,7,2025-03-31,2025-05-21,United Kingdom,West,Organic Search,Standard,2373.01,51,1.68,1.79,7136.12,17.1,High Value,3
C00265,2472.876,1,3,2026-04-02,2026-04-02,India,Central,Affiliate,Standard,2472.88,0,1.0,1.0,2472.88,0.0,Medium Value,2
C00266,5305.196,4,12,2026-01-16,2026-04-14,India,West,Organic Search,Basic,1326.3,88,2.89,1.38,5289.55,-15.65,High Value,3
C00267,327.38,1,1,2025-04-25,2025-04-25,India,North,Email,Basic,327.38,0,1.0,1.0,327.38,0.0,Low Value,1
C00268,1581.888,1,4,2025-10-13,2025-10-13,United Kingdom,Central,Social Media,Basic,1581.89,0,1.0,1.0,1581.89,0.0,Low Value,1
C00269,2810.0240000000003,2,6,2025-12-17,2025-12-31,India,East,Paid Search,Basic,1405.01,14,1.0,2.0,2810.02,-0.0,Medium Value,2
C00270,2069.2245000000003,2,3,2025-07-12,2025-07-26,United States,North,Paid Search,Standard,1034.61,14,1.0,2.0,2069.22,-0.0,Low Value,1
C00271,2581.265,3,7,2025-02-18,2025-04-10,United States,East,Paid Search,Basic,860.42,51,1.68,1.79,2587.46,6.2,Medium Value,2
C00272,7030.25,1,5,2025-09-12,2025-09-12,United Kingdom,West,Affiliate,Standard,7030.25,0,1.0,1.0,7030.25,0.0,High Value,3
C00273,1881.1779999999999,2,6,2026-02-12,2026-03-04,India,North,Affiliate,Basic,940.59,20,1.0,2.0,1881.18,0.0,Low Value,1
C00274,17484.8,1,4,2025-01-30,2025-01-30,India,East,Paid Search,Premium,17484.8,0,1.0,1.0,17484.8,0.0,Very High Value,4
C00275,15546.074999999999,3,6,2025-06-09,2025-06-29,India,South,Organic Search,Premium,5182.02,20,1.0,3.0,15546.06,-0.01,Very High Value,4
C00276,785.2104999999999,2,4,2025-12-27,2025-12-28,United States,North,Paid Search,Basic,392.61,1,1.0,2.0,785.22,0.01,Low Value,1
C00277,4720.094,4,17,2025-09-04,2025-10-27,India,West,Referral,Basic,1180.02,53,1.74,2.3,4722.44,2.35,Medium Value,2
C00278,5103.543000000001,4,14,2025-07-14,2025-10-30,India,Central,Affiliate,Basic,1275.89,108,3.55,1.13,5118.23,14.69,High Value,3
C00279,5142.486,3,10,2025-08-21,2025-10-02,India,South,Email,Basic,1714.16,42,1.38,2.17,5133.22,-9.27,High Value,3
C00280,8790.3995,8,24,2025-12-14,2026-04-26,United Kingdom,West,Paid Search,Basic,1098.8,133,4.37,1.83,8787.21,-3.19,High Value,3
C00281,2477.65,1,5,2025-07-21,2025-07-21,United Kingdom,East,Social Media,Basic,2477.65,0,1.0,1.0,2477.65,0.0,Medium Value,2
C00282,4997.35,2,8,2026-02-20,2026-03-06,United States,North,Affiliate,Basic,2498.68,14,1.0,2.0,4997.36,0.01,High Value,3
C00283,32770.4505,8,25,2026-02-21,2026-06-21,India,North,Email,Standard,4096.31,120,3.94,2.03,32763.11,-7.34,Very High Value,4
C00284,6645.234,7,22,2025-01-28,2025-04-15,United States,South,Organic Search,Basic,949.32,77,2.53,2.77,6652.93,7.7,High Value,3
C00285,23214.0,2,8,2025-10-21,2025-12-08,United States,South,Organic Search,Premium,11607.0,48,1.58,1.27,23290.61,76.61,Very High Value,4
C00286,1114.48,1,2,2026-02-19,2026-02-19,India,South,Organic Search,Basic,1114.48,0,1.0,1.0,1114.48,0.0,Low Value,1
C00287,480.72,1,1,2025-05-26,2025-05-26,United States,North,Affiliate,Standard,480.72,0,1.0,1.0,480.72,0.0,Low Value,1
C00288,3261.4355,3,7,2025-10-28,2026-01-05,United States,East,Organic Search,Basic,1087.15,69,2.27,1.32,3257.54,-3.9,Medium Value,2
C00289,2136.92,2,4,2026-01-09,2026-01-31,India,West,Affiliate,Basic,1068.46,22,1.0,2.0,2136.92,0.0,Low Value,1
C00290,22233.536,10,24,2025-04-13,2025-10-22,Australia,West,Referral,Standard,2223.35,192,6.31,1.58,22166.35,-67.19,Very High Value,4
C00291,468.6825,1,1,2025-06-27,2025-06-27,India,North,Email,Basic,468.68,0,1.0,1.0,468.68,-0.0,Low Value,1
C00292,9598.342,4,10,2025-04-07,2025-06-04,United States,South,Email,Standard,2399.59,58,1.91,2.09,9578.92,-19.42,High Value,3
C00293,3674.754,3,11,2025-04-21,2025-08-08,United States,South,Referral,Basic,1224.92,109,3.58,0.84,3683.58,8.83,Medium Value,2
C00294,8128.772,2,5,2025-07-20,2025-08-24,India,Central,Social Media,Premium,4064.39,35,1.15,1.74,8132.84,4.07,High Value,3
C00295,3532.3920000000003,1,4,2025-08-18,2025-08-18,India,West,Affiliate,Standard,3532.39,0,1.0,1.0,3532.39,-0.0,Medium Value,2
C00296,5454.466,3,10,2025-02-26,2025-03-22,United Kingdom,East,Organic Search,Basic,1818.16,24,1.0,3.0,5454.48,0.01,High Value,3
C00297,16234.225999999999,12,34,2025-07-22,2026-01-29,United Kingdom,Central,Organic Search,Basic,1352.85,191,6.27,1.91,16201.33,-32.9,Very High Value,4
C00298,9748.732,2,8,2025-09-01,2025-09-28,Canada,North,Social Media,Standard,4874.37,27,1.0,2.0,9748.74,0.01,High Value,3
C00299,43268.018,4,14,2025-04-30,2025-07-14,India,South,Paid Search,Premium,10817.0,75,2.46,1.63,43374.01,105.99,Very High Value,4
C00300,30783.864999999998,8,24,2026-03-24,2026-06-24,United Kingdom,South,Organic Search,Standard,3847.98,92,3.02,2.65,30795.38,11.52,Very High Value,4
C00301,3942.1415,3,8,2025-06-16,2025-08-20,India,North,Email,Basic,1314.05,65,2.14,1.4,3936.89,-5.25,Medium Value,2
C00302,5031.05,1,5,2025-03-31,2025-03-31,United States,Central,Organic Search,Standard,5031.05,0,1.0,1.0,5031.05,0.0,High Value,3
C00303,73508.8435,7,26,2025-11-14,2026-06-15,India,North,Organic Search,Premium,10501.26,213,7.0,1.0,73508.82,-0.02,Very High Value,4
C00304,7297.24,1,4,2025-06-08,2025-06-08,India,Central,Email,Standard,7297.24,0,1.0,1.0,7297.24,0.0,High Value,3
C00305,11254.442000000001,3,10,2025-12-08,2026-01-12,India,East,Social Media,Standard,3751.48,35,1.15,2.61,11260.07,5.63,High Value,3
C00306,3310.5,2,7,2025-06-12,2025-07-31,India,North,Social Media,Basic,1655.25,49,1.61,1.24,3304.54,-5.96,Medium Value,2
C00307,1557.792,1,4,2025-07-20,2025-07-20,Canada,East,Email,Basic,1557.79,0,1.0,1.0,1557.79,-0.0,Low Value,1
C00309,649.71,1,3,2025-05-17,2025-05-17,India,East,Social Media,Basic,649.71,0,1.0,1.0,649.71,0.0,Low Value,1
C00310,38490.691,3,8,2026-05-16,2026-06-23,India,Central,Paid Search,Premium,12830.23,38,1.25,2.4,38490.69,-0.0,Very High Value,4
C00311,2942.44,1,4,2026-03-01,2026-03-01,United States,Central,Paid Search,Basic,2942.44,0,1.0,1.0,2942.44,0.0,Medium Value,2
C00313,3956.9120000000003,4,10,2025-09-20,2025-12-30,United Kingdom,South,Affiliate,Basic,989.23,101,3.32,1.2,3941.09,-15.82,Medium Value,2
C00314,3149.56,3,8,2025-11-11,2025-12-11,India,West,Referral,Basic,1049.85,30,1.0,3.0,3149.55,-0.01,Medium Value,2
C00315,2628.128,1,4,2025-03-19,2025-03-19,United States,East,Referral,Basic,2628.13,0,1.0,1.0,2628.13,0.0,Medium Value,2
C00316,2837.676,2,5,2025-10-27,2025-11-04,United Kingdom,East,Social Media,Basic,1418.84,8,1.0,2.0,2837.68,0.0,Medium Value,2
C00317,11482.971,7,23,2026-02-14,2026-05-27,United States,Central,Social Media,Basic,1640.42,102,3.35,2.09,11485.4,2.43,High Value,3
C00318,208.638,1,1,2025-08-15,2025-08-15,United Kingdom,East,Paid Search,Basic,208.64,0,1.0,1.0,208.64,0.0,Low Value,1
C00319,3746.8035,2,6,2025-11-12,2025-12-02,India,Central,Social Media,Basic,1873.4,20,1.0,2.0,3746.8,-0.0,Medium Value,2
C00320,6916.928,1,4,2026-03-05,2026-03-05,India,West,Social Media,Premium,6916.93,0,1.0,1.0,6916.93,0.0,High Value,3
C00321,1614.813,2,2,2026-05-05,2026-06-11,India,South,Email,Standard,807.41,37,1.22,1.64,1615.47,0.66,Low Value,1
C00323,70407.64749999999,5,20,2026-03-14,2026-06-22,United States,East,Organic Search,Premium,14081.53,100,3.29,1.52,70418.92,11.27,Very High Value,4
C00324,3791.0854999999997,4,9,2026-03-01,2026-04-26,United Kingdom,North,Referral,Basic,947.77,56,1.84,2.17,3784.26,-6.83,Medium Value,2
C00325,1073.835,1,1,2026-02-08,2026-02-08,United States,South,Social Media,Standard,1073.84,0,1.0,1.0,1073.84,0.0,Low Value,1
C00326,15406.5485,4,12,2025-11-21,2026-02-06,India,West,Email,Standard,3851.64,77,2.53,1.58,15396.55,-10.0,Very High Value,4
C00327,1496.2110000000002,2,6,2026-05-09,2026-05-16,India,South,Email,Basic,748.11,7,1.0,2.0,1496.22,0.01,Low Value,1
C00328,40199.126,6,14,2026-01-09,2026-05-29,United States,Central,Organic Search,Premium,6699.85,140,4.6,1.3,40065.1,-134.03,Very High Value,4
C00329,8715.436,6,11,2026-01-16,2026-05-13,India,South,Email,Standard,1452.57,117,3.84,1.56,8701.48,-13.96,High Value,3
C00330,360.25,1,1,2025-09-06,2025-09-06,Australia,East,Social Media,Basic,360.25,0,1.0,1.0,360.25,0.0,Low Value,1
C00331,8713.08,5,16,2025-10-19,2026-01-25,United Kingdom,East,Paid Search,Basic,1742.62,98,3.22,1.55,8697.42,-15.66,High Value,3
C00332,2314.839,1,2,2025-10-28,2025-10-28,United States,East,Paid Search,Standard,2314.84,0,1.0,1.0,2314.84,0.0,Medium Value,2
C00333,7095.492,1,3,2025-09-17,2025-09-17,United Kingdom,East,Paid Search,Premium,7095.49,0,1.0,1.0,7095.49,-0.0,High Value,3
C00334,36259.439,5,12,2025-06-03,2025-09-11,India,Central,Organic Search,Premium,7251.89,100,3.29,1.52,36265.25,5.81,Very High Value,4
C00335,6125.4285,2,2,2026-02-23,2026-03-28,India,East,Referral,Premium,3062.71,33,1.08,1.85,6119.29,-6.14,High Value,3
C00337,1283.63,2,2,2025-05-27,2025-06-19,India,East,Affiliate,Standard,641.82,23,1.0,2.0,1283.64,0.01,Low Value,1
C00338,417.28,1,1,2025-05-28,2025-05-28,India,Central,Organic Search,Basic,417.28,0,1.0,1.0,417.28,0.0,Low Value,1
C00339,6283.778,4,13,2025-07-13,2025-08-12,United States,North,Email,Basic,1570.94,30,1.0,4.0,6283.76,-0.02,High Value,3
C00340,4627.189,3,10,2026-05-17,2026-06-28,India,West,Organic Search,Basic,1542.4,42,1.38,2.17,4618.87,-8.32,Medium Value,2
C00341,2959.668,3,10,2025-07-12,2025-07-29,Canada,North,Paid Search,Basic,986.56,17,1.0,3.0,2959.68,0.01,Medium Value,2
C00342,4581.696,4,12,2025-10-28,2026-01-06,Australia,North,Referral,Basic,1145.42,70,2.3,1.74,4583.97,2.27,Medium Value,2
C00343,4849.798,4,12,2025-04-20,2025-06-12,Australia,North,Affiliate,Basic,1212.45,53,1.74,2.3,4852.22,2.42,Medium Value,2
C00344,541.6424999999999,1,1,2026-05-23,2026-05-23,Canada,East,Referral,Basic,541.64,0,1.0,1.0,541.64,-0.0,Low Value,1
C00345,8048.862,3,4,2025-03-08,2025-04-13,India,East,Affiliate,Premium,2682.95,36,1.18,2.54,8041.34,-7.52,High Value,3
C00346,2515.7619999999997,2,5,2025-10-10,2025-11-05,Canada,South,Referral,Basic,1257.88,26,1.0,2.0,2515.76,-0.0,Medium Value,2
C00347,8560.7625,3,9,2025-03-30,2025-05-14,United Kingdom,West,Paid Search,Standard,2853.59,45,1.48,2.03,8573.33,12.57,High Value,3
C00348,1859.1,1,3,2025-07-15,2025-07-15,United States,Central,Referral,Basic,1859.1,0,1.0,1.0,1859.1,0.0,Low Value,1
C00349,1073.635,1,5,2025-12-02,2025-12-02,India,West,Referral,Basic,1073.64,0,1.0,1.0,1073.64,0.01,Low Value,1
C00350,1454.652,1,3,2025-04-24,2025-04-24,India,West,Affiliate,Basic,1454.65,0,1.0,1.0,1454.65,-0.0,Low Value,1
C00351,5043.370000000001,3,10,2025-05-26,2025-07-25,Australia,East,Social Media,Basic,1681.12,60,1.97,1.52,5033.95,-9.42,High Value,3
C00352,2137.014,2,6,2025-02-02,2025-03-04,United States,East,Paid Search,Basic,1068.51,30,1.0,2.0,2137.02,0.01,Low Value,1
C00353,7616.723,3,5,2025-07-06,2025-08-17,Australia,Central,Organic Search,Premium,2538.91,42,1.38,2.17,7603.02,-13.7,High Value,3
C00354,979.9185,2,2,2026-01-14,2026-01-16,India,East,Organic Search,Basic,489.96,2,1.0,2.0,979.92,0.0,Low Value,1
C00355,29530.144,12,36,2025-09-13,2026-06-29,India,Central,Organic Search,Standard,2460.85,289,9.49,1.26,29425.37,-104.77,Very High Value,4
C00356,3429.6800000000003,2,6,2026-02-16,2026-02-16,United States,South,Social Media,Standard,1714.84,0,1.0,2.0,3429.68,-0.0,Medium Value,2
C00357,8522.028,6,19,2026-03-04,2026-06-28,India,West,Organic Search,Basic,1420.34,116,3.81,1.57,8496.05,-25.98,High Value,3
C00358,1297.7685000000001,3,7,2025-03-18,2025-05-28,Canada,Central,Organic Search,Basic,432.59,71,2.33,1.29,1300.24,2.47,Low Value,1
C00359,4293.427,2,5,2025-03-30,2025-04-19,India,Central,Paid Search,Standard,2146.71,20,1.0,2.0,4293.42,-0.01,Medium Value,2
C00360,2260.8575,1,5,2025-09-29,2025-09-29,India,Central,Organic Search,Basic,2260.86,0,1.0,1.0,2260.86,0.0,Medium Value,2
C00361,6402.735,1,5,2025-08-05,2025-08-05,United Kingdom,North,Social Media,Standard,6402.74,0,1.0,1.0,6402.74,0.01,High Value,3
C00362,3954.438,2,5,2025-02-13,2025-02-15,United States,North,Paid Search,Standard,1977.22,2,1.0,2.0,3954.44,0.0,Medium Value,2
C00363,4013.77,1,1,2025-07-01,2025-07-01,Australia,Central,Email,Premium,4013.77,0,1.0,1.0,4013.77,0.0,Medium Value,2
C00364,1568.043,1,1,2026-04-30,2026-04-30,India,East,Social Media,Standard,1568.04,0,1.0,1.0,1568.04,-0.0,Low Value,1
C00365,14204.592,2,5,2026-01-24,2026-02-17,India,West,Email,Premium,7102.3,24,1.0,2.0,14204.6,0.01,Very High Value,4
C00366,20928.821500000002,3,10,2026-04-20,2026-05-26,India,West,Affiliate,Premium,6976.27,36,1.18,2.54,20909.28,-19.54,Very High Value,4
C00367,35030.044,5,13,2025-04-08,2025-07-23,India,East,Email,Premium,7006.01,106,3.48,1.44,35108.52,78.48,Very High Value,4
C00368,17700.6475,4,14,2025-03-19,2025-06-23,Canada,South,Email,Standard,4425.16,96,3.15,1.27,17702.85,2.2,Very High Value,4
C00369,2785.9575,2,6,2025-08-30,2025-09-15,India,Central,Email,Basic,1392.98,16,1.0,2.0,2785.96,0.0,Medium Value,2
C00370,84696.416,6,21,2025-09-15,2026-01-07,India,East,Paid Search,Premium,14116.07,114,3.75,1.6,84696.42,0.0,Very High Value,4
C00371,33925.951,6,14,2025-02-07,2025-04-24,United Kingdom,West,Referral,Premium,5654.33,76,2.5,2.4,33925.98,0.03,Very High Value,4
C00372,8079.753000000001,5,17,2025-05-19,2025-08-22,United Kingdom,North,Organic Search,Basic,1615.95,95,3.12,1.6,8066.82,-12.93,High Value,3
C00373,2046.6229999999996,2,4,2026-04-07,2026-05-03,India,North,Organic Search,Basic,1023.31,26,1.0,2.0,2046.62,-0.0,Low Value,1
C00374,5406.542,5,17,2026-03-29,2026-06-27,India,South,Referral,Basic,1081.31,90,2.96,1.69,5409.15,2.61,High Value,3
C00375,5616.27,1,5,2026-01-28,2026-01-28,United Kingdom,Central,Social Media,Standard,5616.27,0,1.0,1.0,5616.27,0.0,High Value,3
C00376,3388.146,3,8,2025-07-01,2025-08-24,India,Central,Referral,Basic,1129.38,54,1.77,1.69,3378.31,-9.84,Medium Value,2
C00377,1040.1680000000001,2,4,2026-05-11,2026-05-13,United Kingdom,South,Email,Basic,520.08,2,1.0,2.0,1040.16,-0.01,Low Value,1
C00378,3670.9435000000003,4,13,2025-07-17,2025-08-24,United States,West,Affiliate,Basic,917.74,38,1.25,3.2,3670.96,0.02,Medium Value,2
C00379,454.835,1,2,2025-03-27,2025-03-27,United States,South,Paid Search,Basic,454.84,0,1.0,1.0,454.84,0.0,Low Value,1
C00380,75135.0325,8,23,2025-07-22,2026-01-11,United States,South,Referral,Premium,9391.88,173,5.68,1.41,75217.69,82.66,Very High Value,4
C00381,697.8224999999999,1,3,2025-08-07,2025-08-07,India,South,Social Media,Basic,697.82,0,1.0,1.0,697.82,-0.0,Low Value,1
C00382,16341.252,4,13,2025-03-05,2025-05-07,India,East,Affiliate,Standard,4085.31,63,2.07,1.93,16321.22,-20.03,Very High Value,4
C00383,26326.769,4,12,2025-06-08,2025-08-06,United Kingdom,Central,Paid Search,Premium,6581.69,59,1.94,2.06,26303.07,-23.7,Very High Value,4
C00384,9550.238000000001,7,19,2026-02-20,2026-06-26,India,Central,Email,Basic,1364.32,126,4.14,1.69,9545.6,-4.64,High Value,3
C00385,4287.345,2,9,2025-06-28,2025-08-01,India,North,Affiliate,Basic,2143.67,34,1.12,1.79,4297.63,10.28,Medium Value,2
C00386,25945.070499999998,7,26,2026-01-25,2026-06-15,Australia,West,Affiliate,Standard,3706.44,141,4.63,1.51,25912.83,-32.24,Very High Value,4
C00388,3015.5365,1,1,2025-12-10,2025-12-10,India,East,Paid Search,Premium,3015.54,0,1.0,1.0,3015.54,0.0,Medium Value,2
C00389,1836.515,3,6,2026-02-23,2026-05-05,United States,West,Affiliate,Basic,612.17,71,2.33,1.29,1840.0,3.48,Low Value,1
C00390,2364.74,1,4,2025-06-16,2025-06-16,Canada,Central,Paid Search,Standard,2364.74,0,1.0,1.0,2364.74,0.0,Medium Value,2
C00391,5291.370000000001,3,14,2025-11-04,2025-12-26,United States,Central,Affiliate,Basic,1763.79,52,1.71,1.75,5278.14,-13.23,High Value,3
C00392,16489.35,3,10,2025-05-12,2025-07-09,India,South,Paid Search,Standard,5496.45,58,1.91,1.57,16482.2,-7.15,Very High Value,4
C00393,56501.155,11,40,2025-06-10,2026-02-05,Australia,West,Referral,Standard,5136.47,240,7.88,1.4,56665.54,164.39,Very High Value,4
C00394,11872.666,3,10,2025-04-07,2025-05-11,India,East,Referral,Standard,3957.56,34,1.12,2.68,11879.01,6.34,Very High Value,4
C00395,11920.498,2,5,2026-06-02,2026-06-02,India,North,Referral,Premium,5960.25,0,1.0,2.0,11920.5,0.0,Very High Value,4
C00396,45567.792,6,21,2026-03-06,2026-06-07,India,North,Email,Premium,7594.63,93,3.06,1.96,45549.55,-18.24,Very High Value,4
C00398,557.88,1,2,2026-01-02,2026-01-02,United Kingdom,West,Affiliate,Basic,557.88,0,1.0,1.0,557.88,0.0,Low Value,1
C00399,2090.3325000000004,1,3,2025-08-20,2025-08-20,United States,Central,Organic Search,Standard,2090.33,0,1.0,1.0,2090.33,-0.0,Low Value,1
C00400,81632.454,12,27,2025-09-22,2026-04-25,United States,West,Referral,Premium,6802.7,215,7.06,1.7,81646.01,13.56,Very High Value,4
C00401,1874.06,1,2,2025-03-10,2025-03-10,India,South,Social Media,Standard,1874.06,0,1.0,1.0,1874.06,0.0,Low Value,1
C00402,879.5049999999999,2,4,2025-05-27,2025-06-21,India,North,Referral,Basic,439.75,25,1.0,2.0,879.5,-0.0,Low Value,1
C00403,73414.391,8,28,2026-01-18,2026-06-08,United Kingdom,North,Organic Search,Premium,9176.8,141,4.63,1.73,73505.25,90.86,Very High Value,4
C00404,751.792,1,4,2025-03-02,2025-03-02,United Kingdom,West,Paid Search,Basic,751.79,0,1.0,1.0,751.79,-0.0,Low Value,1
C00405,18083.754,14,44,2025-04-18,2025-11-09,United Kingdom,West,Organic Search,Basic,1291.7,205,6.73,2.08,18081.73,-2.02,Very High Value,4
C00406,19668.542999999998,3,7,2025-02-20,2025-03-30,India,North,Referral,Premium,6556.18,38,1.25,2.4,19668.54,-0.0,Very High Value,4
C00407,11861.22,3,9,2025-11-04,2025-12-10,Australia,North,Social Media,Standard,3953.74,36,1.18,2.54,11850.15,-11.07,Very High Value,4
C00409,1321.4175,2,6,2025-05-26,2025-07-04,Australia,West,Email,Basic,660.71,39,1.28,1.56,1319.31,-2.11,Low Value,1
C00410,10430.990000000002,2,8,2025-10-25,2025-11-23,United States,West,Referral,Standard,5215.5,29,1.0,2.0,10431.0,0.01,High Value,3
C00411,13278.625,1,5,2026-01-31,2026-01-31,India,North,Organic Search,Premium,13278.62,0,1.0,1.0,13278.62,-0.0,Very High Value,4
C00412,27007.92,6,21,2025-08-21,2025-12-09,India,North,Organic Search,Standard,4501.32,110,3.61,1.66,26974.61,-33.31,Very High Value,4
C00413,2841.6155,2,6,2025-08-16,2025-08-31,India,East,Affiliate,Basic,1420.81,15,1.0,2.0,2841.62,0.0,Medium Value,2
C00414,2632.91,2,7,2025-09-14,2025-10-10,Australia,Central,Organic Search,Basic,1316.46,26,1.0,2.0,2632.92,0.01,Medium Value,2
C00416,2609.71,3,10,2025-05-29,2025-07-06,United States,South,Organic Search,Basic,869.9,38,1.25,2.4,2609.7,-0.01,Medium Value,2
C00417,620.1,1,2,2025-01-09,2025-01-09,India,West,Affiliate,Basic,620.1,0,1.0,1.0,620.1,0.0,Low Value,1
C00418,1810.0,1,5,2025-04-26,2025-04-26,United Kingdom,Central,Social Media,Basic,1810.0,0,1.0,1.0,1810.0,0.0,Low Value,1
C00419,3893.11,2,8,2025-07-30,2025-08-08,United Kingdom,Central,Social Media,Basic,1946.56,9,1.0,2.0,3893.12,0.01,Medium Value,2
C00420,5371.8,2,10,2025-06-01,2025-06-02,United States,North,Paid Search,Standard,2685.9,1,1.0,2.0,5371.8,0.0,High Value,3
C00422,590.3520000000001,1,2,2025-06-11,2025-06-11,India,North,Social Media,Basic,590.35,0,1.0,1.0,590.35,-0.0,Low Value,1
C00423,7887.030000000001,4,9,2026-02-28,2026-06-03,Australia,East,Organic Search,Standard,1971.76,95,3.12,1.28,7874.42,-12.61,High Value,3
C00424,1227.87,1,3,2025-11-28,2025-11-28,India,North,Organic Search,Basic,1227.87,0,1.0,1.0,1227.87,0.0,Low Value,1
C00425,1926.9675000000002,2,6,2026-03-31,2026-05-01,India,East,Email,Basic,963.48,31,1.02,1.96,1926.19,-0.78,Low Value,1
C00426,20485.525999999998,6,16,2025-12-27,2026-03-03,India,South,Affiliate,Standard,3414.25,66,2.17,2.76,20448.63,-36.9,Very High Value,4
C00427,835.812,1,2,2025-09-12,2025-09-12,Australia,West,Paid Search,Basic,835.81,0,1.0,1.0,835.81,-0.0,Low Value,1
C00428,2636.696,2,5,2025-09-18,2025-10-09,India,South,Affiliate,Basic,1318.35,21,1.0,2.0,2636.7,0.0,Medium Value,2
C00429,69249.5855,10,31,2025-07-28,2026-01-28,India,Central,Organic Search,Premium,6924.96,184,6.04,1.66,69432.42,182.83,Very High Value,4
C00430,2309.64,2,7,2026-02-21,2026-03-07,Australia,West,Social Media,Basic,1154.82,14,1.0,2.0,2309.64,0.0,Medium Value,2
C00431,1397.385,1,3,2026-04-13,2026-04-13,United States,West,Email,Basic,1397.38,0,1.0,1.0,1397.38,-0.0,Low Value,1
C00432,4858.09,3,8,2025-05-18,2025-06-24,United States,West,Email,Basic,1619.36,37,1.22,2.46,4860.02,1.93,Medium Value,2
C00433,2268.81,1,1,2025-09-09,2025-09-09,India,Central,Email,Premium,2268.81,0,1.0,1.0,2268.81,0.0,Medium Value,2
C00434,17506.845999999998,6,17,2025-10-16,2026-02-13,United States,East,Organic Search,Standard,2917.81,120,3.94,1.52,17474.18,-32.67,Very High Value,4
C00435,2098.85,1,5,2026-05-10,2026-05-10,United Kingdom,South,Organic Search,Basic,2098.85,0,1.0,1.0,2098.85,0.0,Low Value,1
C00436,3029.7960000000003,1,4,2025-02-03,2025-02-03,Australia,West,Social Media,Basic,3029.8,0,1.0,1.0,3029.8,0.0,Medium Value,2
C00437,14015.772,4,15,2025-03-08,2025-05-07,India,East,Organic Search,Standard,3503.94,60,1.97,2.03,14012.61,-3.16,Very High Value,4
C00438,2759.4320000000002,2,6,2026-01-11,2026-02-15,India,West,Social Media,Basic,1379.72,35,1.15,1.74,2760.82,1.39,Medium Value,2
C00439,3099.492,1,3,2025-12-29,2025-12-29,Australia,East,Social Media,Standard,3099.49,0,1.0,1.0,3099.49,-0.0,Medium Value,2
C00440,11744.75,1,5,2026-05-12,2026-05-12,Canada,North,Affiliate,Standard,11744.75,0,1.0,1.0,11744.75,0.0,High Value,3
C00441,1445.8000000000002,1,5,2025-07-02,2025-07-02,India,South,Social Media,Basic,1445.8,0,1.0,1.0,1445.8,-0.0,Low Value,1
C00442,4022.3435,4,12,2026-01-18,2026-05-09,India,East,Email,Basic,1005.59,111,3.65,1.1,4037.44,15.1,Medium Value,2
C00443,9176.2015,8,25,2025-01-31,2025-06-03,United States,North,Referral,Basic,1147.03,123,4.04,1.98,9175.32,-0.88,High Value,3
C00444,32699.285499999998,10,28,2025-05-21,2025-10-03,India,Central,Social Media,Standard,3269.93,135,4.43,2.26,32737.89,38.6,Very High Value,4
C00445,47610.3865,15,45,2025-05-10,2026-01-21,India,South,Referral,Standard,3174.03,256,8.41,1.78,47514.59,-95.8,Very High Value,4
C00446,5416.4915,4,14,2026-02-01,2026-05-02,India,South,Email,Basic,1354.12,90,2.96,1.35,5411.06,-5.43,High Value,3
C00447,4827.915,1,3,2025-05-15,2025-05-15,United Kingdom,North,Organic Search,Standard,4827.92,0,1.0,1.0,4827.92,0.01,Medium Value,2
C00448,4010.36,1,2,2025-08-28,2025-08-28,India,West,Paid Search,Standard,4010.36,0,1.0,1.0,4010.36,0.0,Medium Value,2
C00449,6388.4235,2,6,2025-12-07,2025-12-13,United Kingdom,West,Paid Search,Standard,3194.21,6,1.0,2.0,6388.42,-0.0,High Value,3
C00450,9624.74,3,6,2026-03-27,2026-05-21,United States,South,Social Media,Standard,3208.25,55,1.81,1.66,9639.51,14.77,High Value,3
C00451,2598.777,2,7,2025-11-21,2025-12-27,India,South,Email,Basic,1299.39,36,1.18,1.69,2591.24,-7.54,Medium Value,2
C00453,14526.589499999998,5,15,2025-08-18,2025-10-23,United States,Central,Organic Search,Standard,2905.32,66,2.17,2.3,14500.45,-26.14,Very High Value,4
C00455,1305.6325,1,5,2025-02-21,2025-02-21,India,North,Referral,Basic,1305.63,0,1.0,1.0,1305.63,-0.0,Low Value,1
C00456,11296.45,4,11,2025-11-04,2025-12-15,India,West,Social Media,Standard,2824.11,41,1.35,2.96,11285.14,-11.31,High Value,3
C00458,3884.759,1,2,2025-01-27,2025-01-27,India,Central,Paid Search,Standard,3884.76,0,1.0,1.0,3884.76,0.0,Medium Value,2
C00459,27734.9515,7,22,2026-02-22,2026-06-21,India,Central,Referral,Standard,3962.14,119,3.91,1.79,27730.62,-4.33,Very High Value,4
C00460,24613.2205,8,24,2025-11-01,2026-04-24,India,East,Referral,Standard,3076.65,174,5.72,1.4,24637.81,24.59,Very High Value,4
C00461,32252.606,3,9,2025-09-06,2025-11-05,India,West,Social Media,Premium,10750.87,60,1.97,1.52,32192.41,-60.2,Very High Value,4
C00462,687.808,2,5,2025-06-13,2025-06-25,India,North,Referral,Basic,343.9,12,1.0,2.0,687.8,-0.01,Low Value,1
C00463,2691.4049999999997,2,6,2025-08-20,2025-09-05,United States,North,Referral,Basic,1345.7,16,1.0,2.0,2691.4,-0.0,Medium Value,2
C00464,1706.7150000000001,3,7,2025-10-30,2025-11-10,United Kingdom,Central,Email,Basic,568.91,11,1.0,3.0,1706.73,0.01,Low Value,1
C00465,17254.135,4,12,2025-04-19,2025-05-23,United Kingdom,North,Referral,Standard,4313.53,34,1.12,3.57,17247.22,-6.91,Very High Value,4
C00466,3687.25,1,5,2025-04-10,2025-04-10,India,East,Paid Search,Basic,3687.25,0,1.0,1.0,3687.25,0.0,Medium Value,2
C00468,519.606,1,1,2025-02-12,2025-02-12,United States,South,Affiliate,Basic,519.61,0,1.0,1.0,519.61,0.0,Low Value,1
C00469,3261.806,1,4,2025-06-18,2025-06-18,India,West,Referral,Standard,3261.81,0,1.0,1.0,3261.81,0.0,Medium Value,2
C00470,43235.4055,4,11,2025-08-23,2025-10-17,United Kingdom,North,Paid Search,Premium,10808.85,55,1.81,2.21,43236.48,1.07,Very High Value,4
C00471,29839.696500000002,11,30,2025-10-07,2026-06-07,India,East,Referral,Standard,2712.7,243,7.98,1.38,29873.34,33.64,Very High Value,4
C00472,3299.0969999999998,4,11,2026-03-31,2026-06-05,United States,North,Referral,Basic,824.77,66,2.17,1.84,3293.14,-5.96,Medium Value,2
C00473,107611.651,13,40,2025-07-23,2026-03-15,India,Central,Referral,Premium,8277.82,235,7.72,1.68,107360.01,-251.64,Very High Value,4
C00475,20315.57,5,16,2025-10-01,2025-12-19,India,North,Referral,Standard,4063.11,79,2.6,1.92,20283.05,-32.52,Very High Value,4
C00476,406.385,1,1,2025-01-23,2025-01-23,India,South,Organic Search,Basic,406.38,0,1.0,1.0,406.38,-0.0,Low Value,1
C00477,2166.65,1,5,2025-05-02,2025-05-02,Canada,South,Affiliate,Basic,2166.65,0,1.0,1.0,2166.65,0.0,Low Value,1
C00478,2081.109,3,7,2026-04-01,2026-06-03,India,East,Paid Search,Basic,693.7,63,2.07,1.45,2082.14,1.03,Low Value,1
C00479,6300.639999999999,2,6,2025-04-24,2025-05-05,United States,East,Organic Search,Standard,3150.32,11,1.0,2.0,6300.64,0.0,High Value,3
C00480,1002.6245,2,2,2025-03-07,2025-03-22,India,North,Email,Basic,501.31,15,1.0,2.0,1002.62,-0.0,Low Value,1
C00481,1382.94,1,3,2025-10-11,2025-10-11,India,North,Email,Basic,1382.94,0,1.0,1.0,1382.94,0.0,Low Value,1
C00482,3296.8260000000005,2,5,2026-04-01,2026-04-10,India,South,Social Media,Basic,1648.41,9,1.0,2.0,3296.82,-0.01,Medium Value,2
C00483,3957.403,3,7,2026-02-28,2026-03-30,India,East,Organic Search,Basic,1319.13,30,1.0,3.0,3957.39,-0.01,Medium Value,2
C00484,13804.56,2,8,2026-03-09,2026-03-15,United Kingdom,South,Referral,Standard,6902.28,6,1.0,2.0,13804.56,0.0,Very High Value,4
C00485,5116.444,3,11,2025-11-03,2025-12-25,India,South,Organic Search,Standard,1705.48,52,1.71,1.75,5103.65,-12.79,High Value,3
C00486,6350.901999999999,1,2,2025-04-05,2025-04-05,United States,Central,Affiliate,Premium,6350.9,0,1.0,1.0,6350.9,-0.0,High Value,3
C00487,4741.4255,3,9,2025-03-06,2025-04-28,United Kingdom,North,Organic Search,Basic,1580.48,53,1.74,1.72,4730.06,-11.37,Medium Value,2
C00488,5051.984,4,12,2025-06-26,2025-08-31,India,South,Referral,Basic,1263.0,66,2.17,1.84,5042.91,-9.07,High Value,3
C00490,4479.3,2,3,2025-12-26,2026-01-19,India,South,Referral,Standard,2239.65,24,1.0,2.0,4479.3,0.0,Medium Value,2
C00491,3981.657,3,10,2025-06-22,2025-09-04,India,South,Email,Basic,1327.22,74,2.43,1.23,3966.93,-14.73,Medium Value,2
C00492,10832.3105,2,4,2025-11-13,2025-12-27,Australia,North,Organic Search,Premium,5416.16,44,1.45,1.38,10837.74,5.43,High Value,3
C00493,15419.2155,5,17,2026-03-21,2026-06-19,India,West,Referral,Standard,3083.84,90,2.96,1.69,15426.6,7.38,Very High Value,4
C00494,2711.482,2,7,2026-02-23,2026-03-06,India,Central,Organic Search,Basic,1355.74,11,1.0,2.0,2711.48,-0.0,Medium Value,2
C00495,11794.67,5,13,2025-02-14,2025-04-21,India,West,Affiliate,Standard,2358.93,66,2.17,2.3,11773.42,-21.25,High Value,3
C00496,3683.46,2,3,2025-08-12,2025-08-16,India,West,Social Media,Standard,1841.73,4,1.0,2.0,3683.46,0.0,Medium Value,2
C00497,5964.903,4,10,2025-06-10,2025-08-02,India,North,Organic Search,Basic,1491.23,53,1.74,2.3,5967.9,3.0,High Value,3
C00498,5284.546,1,4,2025-12-01,2025-12-01,United Kingdom,Central,Paid Search,Premium,5284.55,0,1.0,1.0,5284.55,0.0,High Value,3
C00499,4195.04,1,1,2025-02-17,2025-02-17,United States,West,Paid Search,Premium,4195.04,0,1.0,1.0,4195.04,0.0,Medium Value,2
C00500,1250.826,1,2,2025-02-25,2025-02-25,India,North,Affiliate,Standard,1250.83,0,1.0,1.0,1250.83,0.0,Low Value,1
C00501,1684.635,1,2,2026-02-03,2026-02-03,India,South,Email,Standard,1684.64,0,1.0,1.0,1684.64,0.01,Low Value,1
C00502,15467.7045,3,10,2025-04-11,2025-05-19,India,East,Social Media,Standard,5155.9,38,1.25,2.4,15467.7,-0.0,Very High Value,4
C00503,1654.9,1,5,2025-04-15,2025-04-15,United States,East,Paid Search,Basic,1654.9,0,1.0,1.0,1654.9,0.0,Low Value,1
C00504,17106.768500000002,12,37,2025-07-09,2026-06-15,India,East,Referral,Basic,1425.56,341,11.2,1.07,17083.91,-22.86,Very High Value,4
C00505,264.5965,1,1,2025-11-28,2025-11-28,India,West,Organic Search,Basic,264.6,0,1.0,1.0,264.6,0.0,Low Value,1
C00506,10434.923999999999,2,7,2025-03-29,2025-04-09,United States,East,Paid Search,Premium,5217.46,11,1.0,2.0,10434.92,-0.0,High Value,3
C00507,14159.397,2,6,2025-03-09,2025-03-27,India,Central,Organic Search,Premium,7079.7,18,1.0,2.0,14159.4,0.0,Very High Value,4
C00508,1875.96,1,4,2025-02-14,2025-02-14,Australia,West,Social Media,Basic,1875.96,0,1.0,1.0,1875.96,0.0,Low Value,1
C00509,4817.587,3,9,2025-02-02,2025-03-18,India,West,Social Media,Basic,1605.86,44,1.45,2.07,4819.99,2.4,Medium Value,2
C00510,2339.68,1,4,2025-06-30,2025-06-30,United Kingdom,North,Paid Search,Basic,2339.68,0,1.0,1.0,2339.68,0.0,Medium Value,2
C00511,9225.441,1,3,2025-02-17,2025-02-17,Australia,Central,Organic Search,Premium,9225.44,0,1.0,1.0,9225.44,-0.0,High Value,3
C00512,5164.4445,2,6,2025-09-23,2025-10-06,India,East,Referral,Standard,2582.22,13,1.0,2.0,5164.44,-0.0,High Value,3
C00513,374.76,1,1,2025-05-02,2025-05-02,United States,East,Paid Search,Basic,374.76,0,1.0,1.0,374.76,0.0,Low Value,1
C00514,17711.208,7,18,2025-09-16,2025-12-19,United States,South,Affiliate,Standard,2530.17,94,3.09,2.27,17747.37,36.16,Very High Value,4
C00515,37437.2685,11,40,2025-03-28,2025-11-29,India,West,Organic Search,Standard,3403.39,246,8.08,1.36,37399.17,-38.1,Very High Value,4
C00516,24536.2275,7,17,2025-12-25,2026-05-27,India,East,Referral,Standard,3505.18,153,5.03,1.39,24507.17,-29.06,Very High Value,4
C00517,2583.37,2,7,2026-01-17,2026-02-23,India,South,Paid Search,Basic,1291.68,37,1.22,1.64,2584.39,1.02,Medium Value,2
C00518,1101.645,1,5,2025-02-20,2025-02-20,United States,South,Affiliate,Basic,1101.64,0,1.0,1.0,1101.64,-0.0,Low Value,1
C00519,2109.93,1,3,2026-04-27,2026-04-27,United States,West,Referral,Basic,2109.93,0,1.0,1.0,2109.93,0.0,Low Value,1
C00520,2573.84,1,2,2025-03-04,2025-03-04,India,Central,Email,Standard,2573.84,0,1.0,1.0,2573.84,0.0,Medium Value,2
C00521,5830.733499999999,5,14,2025-10-28,2026-01-04,India,South,Organic Search,Basic,1166.15,68,2.23,2.24,5825.15,-5.58,High Value,3
C00522,3950.852,2,8,2026-02-28,2026-03-18,India,East,Paid Search,Basic,1975.43,18,1.0,2.0,3950.86,0.01,Medium Value,2
C00523,7133.63,7,15,2025-04-25,2025-10-09,India,Central,Organic Search,Basic,1019.09,167,5.49,1.28,7161.35,27.72,High Value,3
C00524,8325.15,1,5,2025-06-14,2025-06-14,India,Central,Paid Search,Standard,8325.15,0,1.0,1.0,8325.15,0.0,High Value,3
C00525,11785.563999999998,3,13,2025-09-16,2025-11-11,India,North,Paid Search,Standard,3928.52,56,1.84,1.63,11782.42,-3.14,High Value,3
C00526,48843.346,7,15,2026-01-03,2026-06-06,India,North,Email,Premium,6977.62,154,5.06,1.38,48723.32,-120.03,Very High Value,4
C00527,893.5889999999999,1,2,2026-01-08,2026-01-08,India,East,Paid Search,Basic,893.59,0,1.0,1.0,893.59,0.0,Low Value,1
C00528,10221.8,2,5,2026-03-03,2026-03-26,Australia,North,Affiliate,Premium,5110.9,23,1.0,2.0,10221.8,0.0,High Value,3
C00529,7271.12,1,4,2025-10-18,2025-10-18,India,West,Paid Search,Standard,7271.12,0,1.0,1.0,7271.12,0.0,High Value,3
C00530,20409.6825,2,10,2025-02-10,2025-03-29,India,South,Referral,Premium,10204.84,47,1.54,1.3,20430.09,20.41,Very High Value,4
C00531,9561.3305,6,21,2025-12-08,2026-03-30,United Kingdom,North,Affiliate,Basic,1593.56,112,3.68,1.63,9558.81,-2.52,High Value,3
C00532,5275.950000000001,3,9,2025-01-17,2025-01-26,Canada,South,Affiliate,Basic,1758.65,9,1.0,3.0,5275.95,-0.0,High Value,3
C00533,83401.10650000001,7,25,2026-05-01,2026-06-26,India,East,Referral,Premium,11914.44,56,1.84,3.8,83305.76,-95.35,Very High Value,4
C00534,3484.3399999999997,2,8,2026-04-24,2026-05-09,India,West,Social Media,Basic,1742.17,15,1.0,2.0,3484.34,0.0,Medium Value,2
C00535,2804.958,2,6,2025-07-18,2025-08-25,India,South,Organic Search,Basic,1402.48,38,1.25,1.6,2804.96,0.0,Medium Value,2
C00536,6602.5,1,4,2025-12-08,2025-12-08,United Kingdom,South,Email,Standard,6602.5,0,1.0,1.0,6602.5,0.0,High Value,3
C00537,2435.636,3,8,2025-10-17,2025-12-25,India,East,Organic Search,Basic,811.88,69,2.27,1.32,2432.72,-2.92,Medium Value,2
C00538,72260.313,5,18,2026-03-31,2026-06-24,United States,Central,Social Media,Premium,14452.06,85,2.79,1.79,72175.03,-85.28,Very High Value,4
C00539,610.223,1,1,2025-07-25,2025-07-25,India,West,Social Media,Standard,610.22,0,1.0,1.0,610.22,-0.0,Low Value,1
C00540,3459.2495,3,7,2025-05-27,2025-08-11,United Kingdom,East,Organic Search,Basic,1153.08,76,2.5,1.2,3459.24,-0.01,Medium Value,2
C00541,7026.6885,2,6,2025-05-28,2025-06-20,India,West,Organic Search,Standard,3513.34,23,1.0,2.0,7026.68,-0.01,High Value,3
C00542,8050.059000000001,2,8,2025-04-13,2025-04-20,India,South,Organic Search,Standard,4025.03,7,1.0,2.0,8050.06,0.0,High Value,3
C00543,19818.182,3,7,2025-02-20,2025-04-08,United Kingdom,South,Referral,Premium,6606.06,47,1.54,1.95,19838.0,19.82,Very High Value,4
C00544,3807.7294999999995,3,7,2026-05-07,2026-06-21,India,South,Referral,Standard,1269.24,45,1.48,2.03,3813.3,5.57,Medium Value,2
C00545,10006.5825,5,12,2026-01-05,2026-03-25,India,Central,Paid Search,Standard,2001.32,79,2.6,1.92,9990.59,-15.99,High Value,3
C00546,39729.18,12,35,2025-10-24,2026-06-27,Canada,South,Organic Search,Standard,3310.76,246,8.08,1.49,39858.9,129.72,Very High Value,4
C00547,2085.105,4,6,2025-10-11,2025-11-23,India,West,Paid Search,Basic,521.28,43,1.41,2.84,2087.41,2.3,Low Value,1
C00548,3089.267,1,2,2025-03-02,2025-03-02,India,North,Social Media,Standard,3089.27,0,1.0,1.0,3089.27,0.0,Medium Value,2
C00549,1744.98,1,3,2025-06-27,2025-06-27,India,East,Email,Basic,1744.98,0,1.0,1.0,1744.98,0.0,Low Value,1
C00550,36169.559,5,11,2025-04-01,2025-08-03,Canada,Central,Referral,Premium,7233.91,124,4.07,1.23,36213.68,44.12,Very High Value,4
C00551,1157.054,1,4,2026-04-30,2026-04-30,India,Central,Email,Basic,1157.05,0,1.0,1.0,1157.05,-0.0,Low Value,1
C00552,93395.289,9,27,2025-04-10,2025-10-09,United States,West,Referral,Premium,10377.25,182,5.98,1.51,93704.49,309.2,Very High Value,4
C00553,15496.653,3,8,2025-04-17,2025-05-26,United States,Central,Email,Premium,5165.55,39,1.28,2.34,15471.86,-24.79,Very High Value,4
C00554,2974.44,1,3,2025-05-15,2025-05-15,India,South,Email,Standard,2974.44,0,1.0,1.0,2974.44,0.0,Medium Value,2
C00555,59341.3475,7,24,2025-04-12,2025-08-03,India,Central,Email,Premium,8477.34,113,3.71,1.89,59442.26,100.91,Very High Value,4
C00556,26160.294,3,9,2025-02-04,2025-02-12,Australia,East,Organic Search,Premium,8720.1,8,1.0,3.0,26160.3,0.01,Very High Value,4
C00557,3889.96,1,4,2025-11-02,2025-11-02,India,West,Organic Search,Standard,3889.96,0,1.0,1.0,3889.96,0.0,Medium Value,2
C00558,13047.920000000002,5,15,2025-06-21,2025-09-15,Canada,North,Organic Search,Standard,2609.58,86,2.83,1.77,13071.65,23.73,Very High Value,4
C00559,8612.949,3,9,2025-07-14,2025-09-10,India,East,Social Media,Standard,2870.98,58,1.91,1.57,8609.21,-3.74,High Value,3
C00560,1255.04,1,4,2026-03-02,2026-03-02,India,North,Organic Search,Basic,1255.04,0,1.0,1.0,1255.04,0.0,Low Value,1
C00561,2581.653,2,7,2025-04-03,2025-04-22,Canada,West,Referral,Basic,1290.83,19,1.0,2.0,2581.66,0.01,Medium Value,2
C00562,7482.4555,4,7,2026-03-07,2026-05-23,United Kingdom,Central,Social Media,Standard,1870.61,77,2.53,1.58,7477.58,-4.88,High Value,3
C00563,7639.8730000000005,7,19,2025-02-22,2025-09-21,India,North,Referral,Basic,1091.41,211,6.93,1.01,7639.11,-0.76,High Value,3
C00564,7460.436,4,14,2025-02-13,2025-03-21,India,West,Paid Search,Basic,1865.11,36,1.18,3.39,7460.81,0.37,High Value,3
C00565,2054.13,1,3,2025-03-15,2025-03-15,Canada,Central,Paid Search,Standard,2054.13,0,1.0,1.0,2054.13,0.0,Low Value,1
C00566,4082.322,3,7,2025-12-12,2026-01-16,India,West,Organic Search,Basic,1360.77,35,1.15,2.61,4084.35,2.03,Medium Value,2
C00567,19204.6695,6,16,2025-04-21,2025-08-01,United States,Central,Paid Search,Standard,3200.78,102,3.35,1.79,19193.48,-11.19,Very High Value,4
C00568,2745.3599999999997,2,3,2025-06-14,2025-06-16,India,North,Paid Search,Standard,1372.68,2,1.0,2.0,2745.36,0.0,Medium Value,2
C00569,1137.04,1,2,2025-04-04,2025-04-04,India,North,Organic Search,Basic,1137.04,0,1.0,1.0,1137.04,0.0,Low Value,1
C00570,3476.1925,1,5,2025-11-18,2025-11-18,India,North,Social Media,Basic,3476.19,0,1.0,1.0,3476.19,-0.0,Medium Value,2
C00571,1821.555,1,5,2025-02-14,2025-02-14,India,North,Social Media,Basic,1821.56,0,1.0,1.0,1821.56,0.0,Low Value,1
C00572,4378.256,4,12,2025-12-25,2026-03-01,India,Central,Paid Search,Basic,1094.56,66,2.17,1.84,4370.36,-7.9,Medium Value,2
C00573,2116.716,2,7,2025-05-01,2025-05-30,India,East,Social Media,Basic,1058.36,29,1.0,2.0,2116.72,0.0,Low Value,1
C00574,997.848,1,2,2025-10-18,2025-10-18,India,North,Organic Search,Basic,997.85,0,1.0,1.0,997.85,0.0,Low Value,1
C00575,316.7,1,1,2026-02-18,2026-02-18,India,Central,Email,Basic,316.7,0,1.0,1.0,316.7,0.0,Low Value,1
C00576,1656.623,2,7,2025-10-21,2025-11-19,United Kingdom,West,Email,Basic,828.31,29,1.0,2.0,1656.62,-0.0,Low Value,1
C00577,3539.5460000000003,2,3,2025-08-09,2025-08-29,India,North,Affiliate,Premium,1769.77,20,1.0,2.0,3539.54,-0.01,Medium Value,2
C00578,9778.7775,1,5,2025-12-22,2025-12-22,India,South,Affiliate,Standard,9778.78,0,1.0,1.0,9778.78,0.0,High Value,3
C00579,531.029,1,2,2025-04-13,2025-04-13,India,South,Affiliate,Basic,531.03,0,1.0,1.0,531.03,0.0,Low Value,1
C00580,2183.544,1,4,2025-08-20,2025-08-20,Canada,South,Organic Search,Basic,2183.54,0,1.0,1.0,2183.54,-0.0,Low Value,1
C00581,605.68,1,2,2026-04-25,2026-04-25,India,North,Referral,Basic,605.68,0,1.0,1.0,605.68,0.0,Low Value,1
C00582,3066.0860000000002,2,5,2025-06-16,2025-06-21,United States,North,Social Media,Standard,1533.04,5,1.0,2.0,3066.08,-0.01,Medium Value,2
C00583,21072.436,9,20,2025-08-20,2026-02-16,India,South,Organic Search,Standard,2341.38,180,5.91,1.52,21033.08,-39.36,Very High Value,4
C00584,413.5,1,1,2026-05-07,2026-05-07,United Kingdom,North,Organic Search,Basic,413.5,0,1.0,1.0,413.5,0.0,Low Value,1
C00585,10854.948,2,9,2025-10-26,2025-11-19,India,West,Referral,Standard,5427.47,24,1.0,2.0,10854.94,-0.01,High Value,3
C00586,40058.7295,10,31,2025-09-14,2026-03-30,India,East,Organic Search,Standard,4005.87,197,6.47,1.55,40172.87,114.14,Very High Value,4
C00587,3394.8,1,4,2025-08-17,2025-08-17,United States,East,Organic Search,Basic,3394.8,0,1.0,1.0,3394.8,0.0,Medium Value,2
C00588,7564.26,2,6,2025-05-31,2025-07-12,India,North,Referral,Standard,3782.13,42,1.38,1.45,7568.04,3.78,High Value,3
C00589,2254.401,2,7,2026-03-23,2026-03-31,Australia,North,Social Media,Basic,1127.2,8,1.0,2.0,2254.4,-0.0,Medium Value,2
C00590,7093.5545,6,18,2026-01-19,2026-04-07,India,East,Social Media,Basic,1182.26,78,2.56,2.34,7082.21,-11.34,High Value,3
C00591,2344.455,1,5,2025-04-16,2025-04-16,United States,West,Social Media,Standard,2344.46,0,1.0,1.0,2344.46,0.01,Medium Value,2
C00592,5531.889999999999,2,7,2026-03-07,2026-03-30,India,South,Organic Search,Standard,2765.94,23,1.0,2.0,5531.88,-0.01,High Value,3
C00593,1953.52,1,4,2026-02-27,2026-02-27,India,Central,Referral,Basic,1953.52,0,1.0,1.0,1953.52,0.0,Low Value,1
C00594,41274.1535,5,16,2026-03-24,2026-06-24,India,North,Organic Search,Premium,8254.83,92,3.02,1.66,41383.11,108.96,Very High Value,4
C00595,5491.988,2,6,2025-06-13,2025-06-15,India,West,Paid Search,Standard,2745.99,2,1.0,2.0,5491.98,-0.01,High Value,3
C00596,2218.276,2,6,2025-02-05,2025-02-24,United Kingdom,West,Paid Search,Basic,1109.14,19,1.0,2.0,2218.28,0.0,Low Value,1
C00597,5107.39,1,1,2025-11-14,2025-11-14,India,East,Social Media,Premium,5107.39,0,1.0,1.0,5107.39,0.0,High Value,3
C00598,1084.833,2,3,2026-02-05,2026-03-14,India,North,Organic Search,Basic,542.42,37,1.22,1.64,1085.27,0.44,Low Value,1
C00599,200.96,1,1,2025-05-09,2025-05-09,United States,South,Referral,Basic,200.96,0,1.0,1.0,200.96,0.0,Low Value,1
C00600,5656.38,4,14,2025-01-15,2025-04-29,India,North,Referral,Basic,1414.1,104,3.42,1.17,5658.38,2.0,High Value,3
C00601,70308.60399999999,6,22,2026-02-27,2026-06-27,United Kingdom,East,Organic Search,Premium,11718.1,120,3.94,1.52,70177.36,-131.24,Very High Value,4
C00602,52423.638999999996,7,16,2026-01-14,2026-05-30,Canada,West,Email,Premium,7489.09,136,4.47,1.57,52557.68,134.04,Very High Value,4
C00603,388.92,1,1,2025-05-13,2025-05-13,Canada,Central,Social Media,Basic,388.92,0,1.0,1.0,388.92,0.0,Low Value,1
C00604,8081.046,2,9,2025-10-11,2025-10-31,United Kingdom,East,Affiliate,Standard,4040.52,20,1.0,2.0,8081.04,-0.01,High Value,3
C00605,2213.046,2,5,2026-01-07,2026-01-13,India,North,Organic Search,Basic,1106.52,6,1.0,2.0,2213.04,-0.01,Low Value,1
C00606,6642.138,1,4,2025-06-13,2025-06-13,India,East,Paid Search,Standard,6642.14,0,1.0,1.0,6642.14,0.0,High Value,3
C00607,3013.6325,1,5,2025-02-02,2025-02-02,India,Central,Referral,Basic,3013.63,0,1.0,1.0,3013.63,-0.0,Medium Value,2
C00608,5344.504,2,8,2025-02-08,2025-03-07,India,East,Email,Basic,2672.25,27,1.0,2.0,5344.5,-0.0,High Value,3
C00609,8246.569,4,12,2025-01-31,2025-03-10,United States,Central,Email,Basic,2061.64,38,1.25,3.2,8246.56,-0.01,High Value,3
C00610,7645.609999999999,2,5,2025-12-29,2026-01-10,Canada,West,Social Media,Standard,3822.8,12,1.0,2.0,7645.6,-0.01,High Value,3
C00611,1619.295,2,4,2026-03-17,2026-04-29,India,Central,Organic Search,Basic,809.65,43,1.41,1.42,1621.08,1.78,Low Value,1
C00612,1712.0235,1,3,2025-05-29,2025-05-29,United States,Central,Email,Basic,1712.02,0,1.0,1.0,1712.02,-0.0,Low Value,1
C00613,9088.469000000001,3,9,2025-07-14,2025-09-02,India,South,Email,Standard,3029.49,50,1.64,1.83,9092.11,3.64,High Value,3
C00614,7724.782999999999,6,22,2026-03-03,2026-05-09,India,East,Referral,Basic,1287.46,67,2.2,2.73,7732.48,7.7,High Value,3
C00615,14864.092999999999,4,13,2025-09-03,2025-10-06,United Kingdom,Central,Organic Search,Standard,3716.02,33,1.08,3.7,14849.22,-14.87,Very High Value,4
C00616,5709.7175,2,10,2025-04-16,2025-06-07,India,West,Social Media,Basic,2854.86,52,1.71,1.17,5711.72,2.0,High Value,3
C00617,54190.109500000006,6,18,2025-04-05,2025-08-05,India,South,Organic Search,Premium,9031.68,122,4.01,1.5,54325.56,135.45,Very High Value,4
C00618,7862.135,4,9,2025-09-26,2025-12-25,United States,South,Organic Search,Standard,1965.53,90,2.96,1.35,7854.26,-7.88,High Value,3
C00619,4369.245000000001,4,10,2025-04-07,2025-07-19,India,North,Paid Search,Basic,1092.31,103,3.38,1.18,4356.57,-12.68,Medium Value,2
C00620,13078.083999999999,2,8,2025-04-06,2025-04-10,India,South,Social Media,Standard,6539.04,4,1.0,2.0,13078.08,-0.0,Very High Value,4
C00621,24214.150999999998,5,10,2025-11-27,2026-04-05,India,West,Social Media,Premium,4842.83,129,4.24,1.18,24229.65,15.5,Very High Value,4
C00622,23568.445,4,16,2025-02-01,2025-05-06,Australia,East,Social Media,Premium,5892.11,94,3.09,1.29,23486.54,-81.9,Very High Value,4
C00623,2256.217,3,5,2025-10-18,2025-12-09,United Kingdom,North,Organic Search,Basic,752.07,52,1.71,1.75,2250.57,-5.65,Medium Value,2
C00624,11578.051000000001,4,9,2025-07-20,2025-09-05,India,North,Paid Search,Standard,2894.51,47,1.54,2.6,11589.62,11.57,High Value,3
C00625,1625.16,1,2,2026-03-16,2026-03-16,India,East,Organic Search,Standard,1625.16,0,1.0,1.0,1625.16,0.0,Low Value,1
C00626,24551.3445,6,10,2025-09-04,2025-12-31,India,South,Referral,Premium,4091.89,118,3.88,1.55,24608.63,57.29,Very High Value,4
C00627,2365.9,3,9,2025-05-31,2025-06-29,India,West,Organic Search,Basic,788.63,29,1.0,3.0,2365.89,-0.01,Medium Value,2
C00628,8642.736499999999,8,22,2025-04-27,2025-11-02,India,Central,Referral,Basic,1080.34,189,6.21,1.29,8654.5,11.76,High Value,3
C00629,968.4775,1,1,2026-03-05,2026-03-05,United States,East,Organic Search,Standard,968.48,0,1.0,1.0,968.48,0.0,Low Value,1
C00630,7095.102,5,17,2025-01-30,2025-05-02,India,North,Email,Basic,1419.02,92,3.02,1.66,7113.83,18.73,High Value,3
C00631,3195.8435,3,10,2025-03-06,2025-05-25,United States,West,Social Media,Basic,1065.28,80,2.63,1.14,3193.92,-1.92,Medium Value,2
C00632,1268.1,1,3,2025-01-12,2025-01-12,United Kingdom,North,Paid Search,Basic,1268.1,0,1.0,1.0,1268.1,0.0,Low Value,1
C00633,4971.459000000001,3,6,2025-03-25,2025-06-04,India,North,Paid Search,Standard,1657.15,71,2.33,1.29,4980.9,9.44,High Value,3
C00635,1193.62,1,2,2025-05-02,2025-05-02,India,West,Paid Search,Basic,1193.62,0,1.0,1.0,1193.62,0.0,Low Value,1
C00637,3038.652,1,4,2026-04-27,2026-04-27,United Kingdom,Central,Organic Search,Basic,3038.65,0,1.0,1.0,3038.65,-0.0,Medium Value,2
C00638,24745.600000000002,8,22,2025-09-25,2026-03-30,Canada,North,Organic Search,Standard,3093.2,186,6.11,1.31,24758.28,12.68,Very High Value,4
C00639,3558.6400000000003,2,7,2025-06-10,2025-06-15,India,North,Paid Search,Basic,1779.32,5,1.0,2.0,3558.64,-0.0,Medium Value,2
C00640,751.2660000000001,1,2,2025-06-25,2025-06-25,India,East,Paid Search,Basic,751.27,0,1.0,1.0,751.27,0.0,Low Value,1
C00641,4736.656,4,14,2026-04-09,2026-06-26,United Kingdom,South,Organic Search,Basic,1184.16,78,2.56,1.56,4729.06,-7.6,Medium Value,2
C00642,949.941,1,3,2025-08-24,2025-08-24,Canada,East,Affiliate,Basic,949.94,0,1.0,1.0,949.94,-0.0,Low Value,1
C00643,4807.98,5,12,2025-05-21,2025-07-22,Australia,West,Organic Search,Basic,961.6,62,2.04,2.45,4806.08,-1.9,Medium Value,2
C00645,6057.06,1,2,2026-01-04,2026-01-04,India,South,Email,Premium,6057.06,0,1.0,1.0,6057.06,0.0,High Value,3
C00646,10965.254,4,10,2025-10-30,2026-02-12,United Kingdom,South,Email,Standard,2741.31,105,3.45,1.16,10970.72,5.47,High Value,3
C00647,2715.06,1,3,2026-04-09,2026-04-09,India,South,Email,Standard,2715.06,0,1.0,1.0,2715.06,0.0,Medium Value,2
C00648,2777.741,4,6,2025-09-12,2025-11-11,United Kingdom,East,Organic Search,Basic,694.44,60,1.97,2.03,2777.14,-0.6,Medium Value,2
C00649,2692.1525,2,8,2025-10-09,2025-11-07,United States,Central,Referral,Basic,1346.08,29,1.0,2.0,2692.16,0.01,Medium Value,2
C00650,1759.572,1,1,2026-04-14,2026-04-14,United States,Central,Paid Search,Standard,1759.57,0,1.0,1.0,1759.57,-0.0,Low Value,1
C00652,10949.488,3,12,2026-03-12,2026-03-26,India,Central,Social Media,Standard,3649.83,14,1.0,3.0,10949.49,0.0,High Value,3
C00653,2007.232,2,4,2026-03-17,2026-04-04,Canada,West,Social Media,Basic,1003.62,18,1.0,2.0,2007.24,0.01,Low Value,1
C00654,773.148,1,4,2025-05-14,2025-05-14,India,East,Paid Search,Basic,773.15,0,1.0,1.0,773.15,0.0,Low Value,1
C00655,6882.662,3,6,2025-08-14,2025-11-12,India,North,Referral,Standard,2294.22,90,2.96,1.01,6858.8,-23.86,High Value,3
C00656,7473.255999999999,3,8,2026-03-28,2026-06-03,India,East,Social Media,Standard,2491.09,67,2.2,1.36,7453.34,-19.92,High Value,3
C00657,2395.22,2,6,2025-03-15,2025-03-16,United Kingdom,North,Paid Search,Basic,1197.61,1,1.0,2.0,2395.22,0.0,Medium Value,2
C00659,4081.104,1,3,2025-09-02,2025-09-02,Canada,East,Affiliate,Standard,4081.1,0,1.0,1.0,4081.1,-0.0,Medium Value,2
C00660,4980.32,1,4,2025-06-19,2025-06-19,United Kingdom,Central,Social Media,Standard,4980.32,0,1.0,1.0,4980.32,0.0,High Value,3
C00661,17069.5625,13,42,2025-08-21,2026-05-20,India,South,Organic Search,Basic,1313.04,272,8.94,1.45,17020.94,-48.62,Very High Value,4
C00662,5847.397,4,17,2026-03-08,2026-05-18,India,Central,Paid Search,Basic,1461.85,71,2.33,1.72,5858.51,11.11,High Value,3
C00663,1602.023,1,2,2025-10-07,2025-10-07,India,West,Organic Search,Standard,1602.02,0,1.0,1.0,1602.02,-0.0,Low Value,1
C00664,5098.8865000000005,2,7,2026-05-16,2026-05-26,India,South,Referral,Standard,2549.44,10,1.0,2.0,5098.88,-0.01,High Value,3
C00665,38331.892,6,19,2025-03-07,2025-06-27,Australia,North,Referral,Premium,6388.65,112,3.68,1.63,38321.68,-10.21,Very High Value,4
C00666,24464.538,4,10,2026-02-08,2026-04-13,United Kingdom,West,Referral,Premium,6116.13,64,2.1,1.9,24403.36,-61.18,Very High Value,4
C00667,2552.308,2,8,2025-09-25,2025-10-13,United Kingdom,North,Organic Search,Basic,1276.15,18,1.0,2.0,2552.3,-0.01,Medium Value,2
C00668,793.5520000000001,1,2,2026-05-15,2026-05-15,United States,South,Social Media,Basic,793.55,0,1.0,1.0,793.55,-0.0,Low Value,1
C00669,4793.568,3,8,2025-03-06,2025-04-12,United Kingdom,Central,Paid Search,Basic,1597.86,37,1.22,2.46,4795.5,1.93,Medium Value,2
C00670,29166.9955,4,10,2025-08-20,2025-10-27,India,South,Affiliate,Premium,7291.75,68,2.23,1.79,29106.48,-60.52,Very High Value,4
C00671,47419.9515,12,47,2025-08-31,2026-05-01,India,South,Referral,Standard,3951.66,243,7.98,1.5,47301.37,-118.58,Very High Value,4
C00672,21810.496,5,17,2025-06-09,2025-07-22,Canada,Central,Referral,Standard,4362.1,43,1.41,3.55,21834.49,23.99,Very High Value,4
C00673,4441.636,4,13,2025-12-11,2026-03-06,United Kingdom,South,Organic Search,Basic,1110.41,85,2.79,1.43,4430.2,-11.44,Medium Value,2
C00674,13797.928,4,17,2026-01-22,2026-03-04,India,South,Organic Search,Standard,3449.48,41,1.35,2.96,13784.12,-13.81,Very High Value,4
C00675,40670.015,12,37,2025-03-20,2025-09-24,India,Central,Referral,Standard,3389.17,188,6.18,1.94,40633.44,-36.57,Very High Value,4
C00676,29996.262000000002,3,8,2025-08-09,2025-09-28,India,Central,Email,Premium,9998.75,50,1.64,1.83,30008.25,11.99,Very High Value,4
C00677,14344.032,4,13,2025-10-13,2026-01-20,India,West,Organic Search,Standard,3586.01,99,3.25,1.23,14335.07,-8.96,Very High Value,4
C00678,7536.8495,7,17,2026-02-10,2026-06-15,United States,East,Referral,Basic,1076.69,125,4.11,1.7,7522.83,-14.02,High Value,3
C00679,942.786,1,1,2026-02-25,2026-02-25,India,Central,Paid Search,Standard,942.79,0,1.0,1.0,942.79,0.0,Low Value,1
C00680,8140.945,3,7,2026-04-06,2026-04-30,Canada,Central,Email,Standard,2713.65,24,1.0,3.0,8140.95,0.01,High Value,3
C00681,1405.7434999999998,2,5,2025-05-15,2025-05-27,United States,East,Social Media,Basic,702.87,12,1.0,2.0,1405.74,-0.0,Low Value,1
C00682,1659.879,2,8,2025-08-11,2025-09-24,Australia,East,Affiliate,Basic,829.94,44,1.45,1.38,1660.71,0.83,Low Value,1
C00683,19575.636,3,7,2025-05-02,2025-06-05,Canada,West,Email,Premium,6525.21,34,1.12,2.68,19586.07,10.43,Very High Value,4
C00684,3556.8,1,4,2025-12-05,2025-12-05,India,Central,Paid Search,Standard,3556.8,0,1.0,1.0,3556.8,0.0,Medium Value,2
C00685,1224.226,2,5,2025-04-27,2025-04-28,Australia,South,Paid Search,Basic,612.11,1,1.0,2.0,1224.22,-0.01,Low Value,1
C00686,532.59,1,3,2026-01-26,2026-01-26,India,West,Social Media,Basic,532.59,0,1.0,1.0,532.59,0.0,Low Value,1
C00687,739.3499999999999,1,3,2025-04-04,2025-04-04,India,East,Email,Basic,739.35,0,1.0,1.0,739.35,0.0,Low Value,1
C00688,1153.017,1,1,2025-02-18,2025-02-18,United Kingdom,East,Organic Search,Standard,1153.02,0,1.0,1.0,1153.02,0.0,Low Value,1
C00689,8408.8,1,5,2026-03-17,2026-03-17,United States,West,Email,Standard,8408.8,0,1.0,1.0,8408.8,0.0,High Value,3
C00690,2427.63,1,3,2026-01-19,2026-01-19,Australia,South,Paid Search,Standard,2427.63,0,1.0,1.0,2427.63,0.0,Medium Value,2
C00691,3398.3,3,8,2025-04-05,2025-05-19,India,Central,Paid Search,Basic,1132.77,44,1.45,2.07,3400.01,1.71,Medium Value,2
C00692,9494.888,2,6,2025-12-17,2026-01-15,India,East,Paid Search,Premium,4747.44,29,1.0,2.0,9494.88,-0.01,High Value,3
C00693,4024.4799999999996,2,8,2025-09-09,2025-09-12,India,North,Affiliate,Basic,2012.24,3,1.0,2.0,4024.48,0.0,Medium Value,2
C00694,1953.005,2,5,2025-12-25,2026-02-09,India,Central,Email,Basic,976.5,46,1.51,1.32,1946.36,-6.65,Low Value,1
C00696,4153.0869999999995,2,5,2026-04-24,2026-04-25,India,East,Social Media,Standard,2076.54,1,1.0,2.0,4153.08,-0.01,Medium Value,2
C00697,1606.296,1,4,2025-06-29,2025-06-29,India,South,Referral,Basic,1606.3,0,1.0,1.0,1606.3,0.0,Low Value,1
C00698,1622.525,2,7,2026-02-16,2026-03-28,United Kingdom,North,Social Media,Basic,811.26,40,1.31,1.53,1626.01,3.48,Low Value,1
C00699,15033.0075,12,35,2025-05-05,2026-01-14,Canada,West,Referral,Basic,1252.75,254,8.34,1.44,15045.03,12.02,Very High Value,4
C00700,10067.472,2,5,2026-04-26,2026-05-15,United Kingdom,West,Affiliate,Premium,5033.74,19,1.0,2.0,10067.48,0.01,High Value,3
C00701,9335.3195,10,26,2025-03-28,2025-08-31,India,East,Organic Search,Basic,933.53,156,5.12,1.95,9320.36,-14.96,High Value,3
C00702,8585.376,1,4,2025-05-22,2025-05-22,Canada,Central,Social Media,Premium,8585.38,0,1.0,1.0,8585.38,0.0,High Value,3
C00703,3047.072,3,8,2025-09-14,2025-10-30,India,West,Email,Basic,1015.69,46,1.51,1.99,3052.05,4.98,Medium Value,2
C00704,2902.64,1,4,2025-01-26,2025-01-26,India,Central,Email,Standard,2902.64,0,1.0,1.0,2902.64,0.0,Medium Value,2
C00705,10569.871000000001,3,9,2026-03-27,2026-06-28,India,Central,Organic Search,Standard,3523.29,93,3.06,0.98,10565.64,-4.23,High Value,3
C00706,61561.841499999995,5,16,2025-02-23,2025-07-04,India,West,Paid Search,Premium,12312.37,131,4.3,1.16,61414.1,-147.74,Very High Value,4
C00707,13148.372,2,9,2025-04-02,2025-04-16,United States,South,Social Media,Standard,6574.19,14,1.0,2.0,13148.38,0.01,Very High Value,4
C00708,40386.076,5,14,2025-06-09,2025-08-14,India,South,Affiliate,Premium,8077.22,66,2.17,2.3,40313.41,-72.67,Very High Value,4
C00709,5848.533,5,13,2026-04-21,2026-06-19,Australia,East,Email,Basic,1169.71,59,1.94,2.58,5854.63,6.1,High Value,3
C00710,1254.993,3,7,2025-04-03,2025-05-09,United Kingdom,North,Organic Search,Basic,418.33,36,1.18,2.54,1253.82,-1.17,Low Value,1
C00711,46276.6115,9,24,2025-02-17,2025-07-27,India,East,Paid Search,Premium,5141.85,160,5.26,1.71,46248.88,-27.73,Very High Value,4
C00712,3907.234,3,7,2025-03-20,2025-04-07,United Kingdom,South,Organic Search,Basic,1302.41,18,1.0,3.0,3907.23,-0.0,Medium Value,2
C00713,39167.65,6,18,2025-12-25,2026-05-21,Canada,North,Referral,Premium,6527.94,147,4.83,1.24,39097.14,-70.51,Very High Value,4
C00714,2452.0164999999997,2,5,2025-09-21,2025-10-16,India,North,Email,Basic,1226.01,25,1.0,2.0,2452.02,0.0,Medium Value,2
C00715,11632.4,2,9,2026-01-21,2026-01-24,India,East,Email,Standard,5816.2,3,1.0,2.0,11632.4,0.0,High Value,3
C00716,2842.7,1,5,2025-05-31,2025-05-31,India,South,Email,Basic,2842.7,0,1.0,1.0,2842.7,0.0,Medium Value,2
C00717,5304.929,5,15,2025-06-27,2025-10-30,United Kingdom,South,Email,Basic,1060.99,125,4.11,1.22,5320.02,15.09,High Value,3
C00718,410.42,1,1,2025-08-22,2025-08-22,India,East,Organic Search,Basic,410.42,0,1.0,1.0,410.42,0.0,Low Value,1
C00719,16072.976999999999,3,12,2025-08-15,2025-09-24,India,East,Paid Search,Standard,5357.66,40,1.31,2.29,16072.44,-0.54,Very High Value,4
C00720,2632.1440000000002,3,7,2025-09-08,2025-10-26,India,East,Social Media,Basic,877.38,48,1.58,1.9,2633.89,1.75,Medium Value,2
C00721,5550.923000000001,5,16,2025-02-25,2025-06-11,Canada,South,Referral,Basic,1110.18,106,3.48,1.44,5563.33,12.41,High Value,3
C00722,15877.806,1,4,2025-12-10,2025-12-10,Canada,North,Organic Search,Premium,15877.81,0,1.0,1.0,15877.81,0.0,Very High Value,4
C00723,1156.992,1,3,2026-03-13,2026-03-13,United States,West,Email,Basic,1156.99,0,1.0,1.0,1156.99,-0.0,Low Value,1
C00724,3036.1,2,2,2025-06-10,2025-06-12,India,Central,Social Media,Standard,1518.05,2,1.0,2.0,3036.1,0.0,Medium Value,2
C00726,5608.72,2,3,2025-09-24,2025-10-11,India,East,Organic Search,Standard,2804.36,17,1.0,2.0,5608.72,0.0,High Value,3
C00727,931.05,1,3,2026-03-09,2026-03-09,United States,South,Affiliate,Basic,931.05,0,1.0,1.0,931.05,0.0,Low Value,1
C00728,30992.8335,12,34,2025-11-06,2026-06-30,United States,South,Affiliate,Standard,2582.74,236,7.75,1.55,31025.16,32.33,Very High Value,4
C00729,2352.759,3,5,2025-05-18,2025-05-30,India,South,Referral,Basic,784.25,12,1.0,3.0,2352.75,-0.01,Medium Value,2
C00730,21496.5925,4,10,2025-05-01,2025-07-11,India,East,Social Media,Premium,5374.15,71,2.33,1.72,21537.44,40.85,Very High Value,4
C00731,2194.674,2,2,2025-03-06,2025-04-21,India,East,Affiliate,Premium,1097.34,46,1.51,1.32,2187.22,-7.45,Low Value,1
C00732,8794.82,3,9,2025-06-13,2025-08-02,United Kingdom,East,Referral,Standard,2931.61,50,1.64,1.83,8798.35,3.53,High Value,3
C00733,3759.576,3,10,2025-07-26,2025-09-09,India,North,Paid Search,Basic,1253.19,45,1.48,2.03,3765.08,5.5,Medium Value,2
C00734,2504.032,1,2,2025-09-29,2025-09-29,India,East,Paid Search,Standard,2504.03,0,1.0,1.0,2504.03,-0.0,Medium Value,2
C00735,3989.74,3,8,2025-10-02,2025-10-29,India,West,Referral,Basic,1329.91,27,1.0,3.0,3989.73,-0.01,Medium Value,2
C00736,3965.7,1,5,2025-05-05,2025-05-05,India,South,Organic Search,Standard,3965.7,0,1.0,1.0,3965.7,0.0,Medium Value,2
C00737,1447.848,1,1,2025-05-08,2025-05-08,United States,East,Paid Search,Standard,1447.85,0,1.0,1.0,1447.85,0.0,Low Value,1
C00738,4234.387,2,7,2025-05-15,2025-06-12,India,West,Email,Basic,2117.19,28,1.0,2.0,4234.38,-0.01,Medium Value,2
C00739,6369.007,3,7,2025-04-20,2025-05-24,India,Central,Organic Search,Standard,2123.0,34,1.12,2.68,6372.4,3.39,High Value,3
C00740,13127.378,5,10,2025-06-05,2025-09-07,Australia,Central,Affiliate,Standard,2625.48,94,3.09,1.62,13142.63,15.25,Very High Value,4
C00741,6289.488,5,13,2025-01-21,2025-04-16,Australia,East,Referral,Basic,1257.9,85,2.79,1.79,6282.08,-7.41,High Value,3
C00742,6393.19,4,13,2025-09-02,2025-10-25,India,South,Referral,Basic,1598.3,53,1.74,2.3,6396.4,3.21,High Value,3
C00743,4369.514,2,5,2025-11-08,2025-12-08,United Kingdom,South,Referral,Standard,2184.76,30,1.0,2.0,4369.52,0.01,Medium Value,2
C00745,75151.7975,9,26,2025-03-31,2025-09-17,India,South,Organic Search,Premium,8350.2,170,5.58,1.61,75016.53,-135.27,Very High Value,4
C00746,34844.2685,5,14,2026-03-19,2026-06-25,India,North,Organic Search,Premium,6968.85,98,3.22,1.55,34781.53,-62.74,Very High Value,4
C00747,5005.099,4,10,2026-04-16,2026-06-16,United States,Central,Referral,Basic,1251.27,61,2.0,2.0,5005.08,-0.02,High Value,3
C00748,2601.513,2,2,2026-04-13,2026-06-03,Canada,North,Email,Standard,1300.76,51,1.68,1.19,2600.48,-1.03,Medium Value,2
C00749,2370.99,2,5,2025-10-06,2025-10-07,United States,North,Social Media,Basic,1185.49,1,1.0,2.0,2370.98,-0.01,Medium Value,2
C00750,6407.245000000001,3,8,2025-09-05,2025-12-11,India,West,Referral,Standard,2135.75,97,3.19,0.94,6404.26,-2.99,High Value,3
C00751,4250.896,3,12,2026-03-09,2026-05-15,India,North,Email,Basic,1416.97,67,2.2,1.36,4239.57,-11.33,Medium Value,2
C00752,1052.721,1,1,2026-05-08,2026-05-08,United Kingdom,East,Referral,Standard,1052.72,0,1.0,1.0,1052.72,-0.0,Low Value,1
C00753,5978.0345,4,12,2025-01-19,2025-03-09,United Kingdom,North,Email,Basic,1494.51,49,1.61,2.48,5967.28,-10.75,High Value,3
C00754,3057.4925000000003,2,9,2025-12-19,2026-01-14,India,East,Organic Search,Basic,1528.75,26,1.0,2.0,3057.5,0.01,Medium Value,2
C00755,1247.8425000000002,1,5,2025-11-13,2025-11-13,India,Central,Paid Search,Basic,1247.84,0,1.0,1.0,1247.84,-0.0,Low Value,1
C00756,7610.34,3,7,2025-12-26,2026-02-12,India,South,Paid Search,Standard,2536.78,48,1.58,1.9,7615.41,5.07,High Value,3
C00757,2595.5499999999997,3,8,2025-07-21,2025-09-02,India,West,Social Media,Basic,865.18,43,1.41,2.13,2598.4,2.85,Medium Value,2
C00758,8943.580000000002,2,6,2026-01-15,2026-01-16,Canada,South,Paid Search,Standard,4471.79,1,1.0,2.0,8943.58,-0.0,High Value,3
C00759,2142.48,2,4,2025-09-14,2025-10-13,India,South,Referral,Standard,1071.24,29,1.0,2.0,2142.48,0.0,Low Value,1
C00761,2366.8239999999996,2,4,2025-02-26,2025-03-21,Australia,West,Referral,Basic,1183.41,23,1.0,2.0,2366.82,-0.0,Medium Value,2
C00762,4348.878000000001,3,9,2025-05-22,2025-08-21,India,Central,Paid Search,Basic,1449.63,91,2.99,1.0,4334.39,-14.49,Medium Value,2
C00763,10945.5785,3,10,2025-12-31,2026-01-24,United States,East,Email,Standard,3648.53,24,1.0,3.0,10945.59,0.01,High Value,3
C00764,4537.817,3,7,2026-03-22,2026-05-26,India,West,Organic Search,Basic,1512.61,65,2.14,1.4,4531.78,-6.04,Medium Value,2
C00765,13710.503,4,17,2026-02-24,2026-04-11,India,South,Social Media,Standard,3427.63,46,1.51,2.65,13715.66,5.16,Very High Value,4
C00766,11880.355,2,8,2025-07-05,2025-07-13,India,North,Email,Standard,5940.18,8,1.0,2.0,11880.36,0.01,Very High Value,4
C00767,6143.608,5,17,2025-02-25,2025-05-07,India,West,Affiliate,Basic,1228.72,71,2.33,2.15,6155.27,11.66,High Value,3
C00768,6234.889999999999,2,4,2025-10-06,2025-10-17,Australia,North,Organic Search,Standard,3117.44,11,1.0,2.0,6234.88,-0.01,High Value,3
C00769,11116.673499999999,3,9,2025-10-23,2025-11-12,India,East,Affiliate,Standard,3705.56,20,1.0,3.0,11116.68,0.01,High Value,3
C00770,1927.656,3,7,2025-05-02,2025-06-09,United Kingdom,West,Social Media,Basic,642.55,38,1.25,2.4,1927.65,-0.01,Low Value,1
C00771,33319.327,4,9,2025-03-13,2025-04-23,India,Central,Social Media,Premium,8329.83,41,1.35,2.96,33286.0,-33.33,Very High Value,4
C00772,8415.781500000001,7,22,2025-06-08,2025-09-29,India,Central,Referral,Basic,1202.25,113,3.71,1.89,8430.06,14.28,High Value,3
C00773,4587.385,2,9,2025-09-17,2025-10-24,Australia,East,Referral,Basic,2293.69,37,1.22,1.64,4589.21,1.82,Medium Value,2
C00774,8508.395,5,18,2025-11-15,2026-02-07,India,West,Referral,Basic,1701.68,84,2.76,1.81,8500.91,-7.49,High Value,3
C00775,1206.176,2,6,2025-04-30,2025-05-14,United States,South,Email,Basic,603.09,14,1.0,2.0,1206.18,0.0,Low Value,1
C00776,4682.643,5,17,2025-10-11,2025-12-21,India,East,Organic Search,Basic,936.53,71,2.33,2.15,4691.55,8.91,Medium Value,2
C00777,1858.8564999999999,3,8,2026-03-02,2026-04-30,Australia,Central,Paid Search,Basic,619.62,59,1.94,1.55,1863.2,4.34,Low Value,1
C00778,17842.152000000002,5,12,2026-04-22,2026-05-23,Australia,South,Social Media,Standard,3568.43,31,1.02,4.9,17835.01,-7.14,Very High Value,4
C00779,60126.29,10,22,2025-09-27,2026-06-09,United States,South,Referral,Premium,6012.63,255,8.38,1.19,59959.15,-167.14,Very High Value,4
C00780,4728.66,2,6,2025-04-25,2025-05-12,India,Central,Referral,Standard,2364.33,17,1.0,2.0,4728.66,0.0,Medium Value,2
C00781,13298.0385,4,12,2025-02-25,2025-04-05,United Kingdom,West,Email,Standard,3324.51,39,1.28,3.12,13276.76,-21.28,Very High Value,4
C00782,39294.205,15,31,2025-02-03,2025-12-25,United Kingdom,East,Referral,Standard,2619.61,325,10.68,1.4,39168.41,-125.79,Very High Value,4
C00783,15529.25,1,5,2026-04-24,2026-04-24,India,East,Social Media,Premium,15529.25,0,1.0,1.0,15529.25,0.0,Very High Value,4
C00784,3335.5365,3,3,2025-05-27,2025-07-10,India,Central,Paid Search,Standard,1111.85,44,1.45,2.07,3337.22,1.68,Medium Value,2
C00785,8874.96,1,5,2026-05-21,2026-05-21,India,Central,Social Media,Premium,8874.96,0,1.0,1.0,8874.96,0.0,High Value,3
C00786,16075.181499999999,5,14,2025-09-05,2025-10-11,India,Central,Affiliate,Standard,3215.04,36,1.18,4.24,16085.49,10.31,Very High Value,4
C00787,12428.408500000001,4,12,2025-05-16,2025-07-15,India,North,Paid Search,Standard,3107.1,60,1.97,2.03,12425.6,-2.81,Very High Value,4
C00788,13617.9675,2,8,2025-11-01,2025-11-25,India,East,Paid Search,Standard,6808.98,24,1.0,2.0,13617.96,-0.01,Very High Value,4
C00789,864.289,2,4,2025-09-28,2025-11-24,United States,West,Social Media,Basic,432.14,57,1.87,1.07,864.67,0.38,Low Value,1
C00790,3818.16,1,4,2025-05-30,2025-05-30,India,Central,Social Media,Standard,3818.16,0,1.0,1.0,3818.16,0.0,Medium Value,2
C00791,22211.4,3,9,2025-02-26,2025-03-10,United Kingdom,South,Email,Premium,7403.8,12,1.0,3.0,22211.4,0.0,Very High Value,4
C00792,1503.42,1,3,2026-03-02,2026-03-02,India,South,Affiliate,Basic,1503.42,0,1.0,1.0,1503.42,0.0,Low Value,1
C00793,2340.7560000000003,1,4,2025-04-03,2025-04-03,India,Central,Affiliate,Basic,2340.76,0,1.0,1.0,2340.76,0.0,Medium Value,2
C00794,446.13,1,1,2025-05-15,2025-05-15,India,Central,Social Media,Basic,446.13,0,1.0,1.0,446.13,0.0,Low Value,1
C00795,7099.0869999999995,8,18,2025-05-07,2025-08-31,Canada,West,Referral,Basic,887.39,116,3.81,2.1,7100.01,0.92,High Value,3
C00796,3789.96,1,3,2025-05-28,2025-05-28,United Kingdom,Central,Paid Search,Standard,3789.96,0,1.0,1.0,3789.96,0.0,Medium Value,2
C00797,17818.164,4,12,2025-08-15,2025-11-18,India,Central,Organic Search,Standard,4454.54,95,3.12,1.28,17789.65,-28.51,Very High Value,4
C00798,930.582,1,1,2025-04-14,2025-04-14,India,East,Affiliate,Standard,930.58,0,1.0,1.0,930.58,-0.0,Low Value,1
C00799,4854.99,3,13,2026-01-31,2026-02-20,India,North,Social Media,Basic,1618.33,20,1.0,3.0,4854.99,0.0,Medium Value,2
C00800,14696.18,6,16,2025-04-07,2025-08-20,India,East,Referral,Standard,2449.36,135,4.43,1.35,14648.4,-47.78,Very High Value,4
C00801,4068.3040000000005,4,8,2026-04-18,2026-05-21,India,South,Organic Search,Basic,1017.08,33,1.08,3.7,4064.25,-4.05,Medium Value,2
C00802,5563.03,5,15,2026-01-09,2026-04-19,India,West,Paid Search,Basic,1112.61,100,3.29,1.52,5563.94,0.91,High Value,3
C00803,10536.717,9,23,2025-08-21,2025-12-21,Australia,Central,Referral,Basic,1170.75,122,4.01,2.24,10516.14,-20.58,High Value,3
C00804,24409.0315,4,11,2025-01-23,2025-04-24,United Kingdom,South,Organic Search,Premium,6102.26,91,2.99,1.34,24449.31,40.28,Very High Value,4
C00805,3354.3900000000003,2,6,2025-02-14,2025-03-03,India,West,Organic Search,Basic,1677.2,17,1.0,2.0,3354.4,0.01,Medium Value,2
C00806,19879.108,3,10,2025-10-22,2025-12-03,India,West,Organic Search,Premium,6626.37,42,1.38,2.17,19843.33,-35.78,Very High Value,4
C00807,4508.847,3,6,2025-12-01,2026-01-08,India,West,Organic Search,Basic,1502.95,38,1.25,2.4,4508.85,0.0,Medium Value,2
C00808,2957.576,2,5,2025-12-07,2025-12-14,Canada,Central,Organic Search,Basic,1478.79,7,1.0,2.0,2957.58,0.0,Medium Value,2
C00809,14233.4865,3,8,2026-04-06,2026-06-07,India,West,Affiliate,Premium,4744.5,62,2.04,1.47,14227.81,-5.68,Very High Value,4
C00810,7289.44,1,4,2025-10-27,2025-10-27,India,Central,Social Media,Standard,7289.44,0,1.0,1.0,7289.44,0.0,High Value,3
C00811,6369.275000000001,2,5,2025-12-05,2025-12-25,India,West,Referral,Standard,3184.64,20,1.0,2.0,6369.28,0.0,High Value,3
C00812,8351.985,4,15,2025-07-07,2025-09-04,United States,South,Social Media,Basic,2088.0,59,1.94,2.06,8344.48,-7.51,High Value,3
C00813,3471.4500000000003,1,3,2025-05-28,2025-05-28,India,North,Organic Search,Standard,3471.45,0,1.0,1.0,3471.45,-0.0,Medium Value,2
C00814,11716.74,1,3,2025-07-13,2025-07-13,India,Central,Paid Search,Premium,11716.74,0,1.0,1.0,11716.74,0.0,High Value,3
C00815,5797.1255,3,7,2025-10-16,2025-11-21,United States,West,Paid Search,Standard,1932.38,36,1.18,2.54,5791.73,-5.4,High Value,3
C00816,1150.119,1,3,2025-11-05,2025-11-05,Canada,West,Paid Search,Basic,1150.12,0,1.0,1.0,1150.12,0.0,Low Value,1
C00817,4507.074,3,11,2026-01-17,2026-02-05,Canada,West,Referral,Basic,1502.36,19,1.0,3.0,4507.08,0.01,Medium Value,2
C00818,16038.8265,5,13,2025-11-20,2026-03-20,United States,Central,Organic Search,Standard,3207.77,120,3.94,1.27,16051.04,12.21,Very High Value,4
C00819,5915.79,1,3,2026-02-04,2026-02-04,India,East,Social Media,Premium,5915.79,0,1.0,1.0,5915.79,0.0,High Value,3
C00820,7925.39,7,24,2025-06-15,2025-10-19,United Kingdom,West,Organic Search,Basic,1132.2,126,4.14,1.69,7921.55,-3.84,High Value,3
C00821,3388.306,2,3,2025-04-16,2025-05-23,India,South,Paid Search,Standard,1694.15,37,1.22,1.64,3389.66,1.35,Medium Value,2
C00822,4176.369000000001,2,7,2025-03-23,2025-04-06,United States,South,Paid Search,Standard,2088.18,14,1.0,2.0,4176.36,-0.01,Medium Value,2
C00823,1276.96,1,2,2025-04-12,2025-04-12,India,South,Organic Search,Basic,1276.96,0,1.0,1.0,1276.96,0.0,Low Value,1
C00824,43099.439,4,12,2025-07-27,2025-10-04,India,North,Social Media,Premium,10774.86,69,2.27,1.76,43047.72,-51.72,Very High Value,4
C00825,350.047,1,1,2025-02-20,2025-02-20,India,West,Paid Search,Basic,350.05,0,1.0,1.0,350.05,0.0,Low Value,1
C00826,169.929,1,1,2026-03-28,2026-03-28,Canada,West,Paid Search,Basic,169.93,0,1.0,1.0,169.93,0.0,Low Value,1
C00827,15987.7005,2,7,2025-05-19,2025-06-04,India,West,Paid Search,Premium,7993.85,16,1.0,2.0,15987.7,-0.0,Very High Value,4
C00828,2931.067,2,6,2026-01-28,2026-02-22,United Kingdom,Central,Referral,Basic,1465.53,25,1.0,2.0,2931.06,-0.01,Medium Value,2
C00829,14443.764000000001,11,36,2025-06-16,2025-12-05,United Kingdom,South,Affiliate,Basic,1313.07,172,5.65,1.95,14466.75,22.99,Very High Value,4
C00830,5960.318499999999,5,15,2025-10-21,2026-03-11,United Kingdom,West,Organic Search,Basic,1192.06,141,4.63,1.08,5960.78,0.46,High Value,3
C00831,636.3,1,3,2026-04-14,2026-04-14,India,North,Email,Basic,636.3,0,1.0,1.0,636.3,0.0,Low Value,1
C00832,3891.459,4,10,2026-03-08,2026-05-10,India,North,Paid Search,Basic,972.86,63,2.07,1.93,3886.67,-4.79,Medium Value,2
C00833,4845.657999999999,3,8,2025-11-25,2026-01-14,United States,West,Referral,Basic,1615.22,50,1.64,1.83,4847.6,1.94,Medium Value,2
C00834,7118.8595,7,19,2025-06-08,2025-10-24,United States,North,Organic Search,Basic,1016.98,138,4.53,1.55,7140.73,21.87,High Value,3
C00835,1834.65,3,7,2026-02-03,2026-03-17,India,North,Email,Basic,611.55,42,1.38,2.17,1831.35,-3.3,Low Value,1
C00836,32929.234000000004,10,30,2025-03-14,2025-08-17,India,South,Organic Search,Standard,3292.92,156,5.12,1.95,32876.51,-52.72,Very High Value,4
C00837,1115.37,1,3,2025-07-17,2025-07-17,United States,West,Referral,Basic,1115.37,0,1.0,1.0,1115.37,0.0,Low Value,1
C00838,7071.739,4,18,2026-01-18,2026-04-01,India,North,Organic Search,Basic,1767.93,73,2.4,1.67,7085.86,14.12,High Value,3
C00839,1906.28,1,5,2026-01-05,2026-01-05,India,Central,Social Media,Basic,1906.28,0,1.0,1.0,1906.28,0.0,Low Value,1
C00840,15072.912,5,16,2025-05-31,2025-10-04,Australia,Central,Referral,Standard,3014.58,126,4.14,1.21,15101.24,28.33,Very High Value,4
C00841,2476.587,2,5,2025-03-28,2025-05-04,India,East,Social Media,Basic,1238.29,37,1.22,1.64,2477.57,0.98,Medium Value,2
C00842,7721.076,3,9,2025-10-01,2025-10-31,Canada,South,Paid Search,Standard,2573.69,30,1.0,3.0,7721.07,-0.01,High Value,3
C00843,10128.775,2,7,2025-11-30,2026-01-08,United Kingdom,North,Organic Search,Standard,5064.39,39,1.28,1.56,10112.57,-16.2,High Value,3
C00844,1152.0,1,4,2025-10-12,2025-10-12,India,Central,Email,Basic,1152.0,0,1.0,1.0,1152.0,0.0,Low Value,1
C00845,2591.14,2,6,2025-07-02,2025-07-14,United Kingdom,Central,Organic Search,Basic,1295.57,12,1.0,2.0,2591.14,0.0,Medium Value,2
C00846,317.84000000000003,1,1,2025-04-09,2025-04-09,India,South,Referral,Basic,317.84,0,1.0,1.0,317.84,-0.0,Low Value,1
C00847,28813.940000000002,10,24,2025-11-30,2026-06-08,India,West,Referral,Standard,2881.39,190,6.24,1.6,28767.8,-46.14,Very High Value,4
C00848,8523.468,1,4,2025-07-27,2025-07-27,India,North,Organic Search,Premium,8523.47,0,1.0,1.0,8523.47,0.0,High Value,3
C00849,4702.918,2,5,2026-05-22,2026-06-05,India,North,Referral,Standard,2351.46,14,1.0,2.0,4702.92,0.0,Medium Value,2
C00850,3403.404,2,4,2026-01-28,2026-02-03,Canada,West,Affiliate,Standard,1701.7,6,1.0,2.0,3403.4,-0.0,Medium Value,2
C00851,33246.428,4,15,2025-11-21,2026-02-01,United States,North,Paid Search,Premium,8311.61,72,2.37,1.69,33290.49,44.06,Very High Value,4
C00852,7011.95,6,18,2025-06-10,2025-09-16,India,North,Affiliate,Basic,1168.66,98,3.22,1.86,6999.34,-12.61,High Value,3
C00853,2815.819,1,1,2025-04-19,2025-04-19,United Kingdom,South,Social Media,Premium,2815.82,0,1.0,1.0,2815.82,0.0,Medium Value,2
C00854,1889.76,1,3,2025-10-26,2025-10-26,United States,North,Paid Search,Standard,1889.76,0,1.0,1.0,1889.76,0.0,Low Value,1
C00855,254.56,1,2,2026-01-14,2026-01-14,India,North,Email,Basic,254.56,0,1.0,1.0,254.56,0.0,Low Value,1
C00856,2307.0299999999997,2,9,2025-07-05,2025-07-23,Australia,Central,Email,Basic,1153.51,18,1.0,2.0,2307.02,-0.01,Medium Value,2
C00857,3065.3500000000004,1,5,2025-06-14,2025-06-14,Canada,East,Social Media,Basic,3065.35,0,1.0,1.0,3065.35,-0.0,Medium Value,2
C00858,23630.1195,6,21,2026-03-08,2026-06-15,India,Central,Email,Standard,3938.35,99,3.25,1.85,23679.33,49.21,Very High Value,4
C00859,867.14,1,2,2025-10-21,2025-10-21,India,East,Affiliate,Basic,867.14,0,1.0,1.0,867.14,0.0,Low Value,1
C00860,4132.24,2,6,2025-02-23,2025-03-27,United Kingdom,East,Email,Standard,2066.12,32,1.05,1.9,4121.91,-10.33,Medium Value,2
C00861,1813.834,2,5,2025-06-23,2025-08-02,India,South,Organic Search,Basic,906.92,40,1.31,1.53,1817.74,3.91,Low Value,1
C00862,7905.474999999999,3,7,2026-05-08,2026-06-10,Australia,East,Email,Standard,2635.16,33,1.08,2.78,7911.8,6.33,High Value,3
C00863,2010.0190000000002,3,4,2025-11-07,2026-01-10,India,North,Organic Search,Basic,670.01,64,2.1,1.43,2012.04,2.02,Low Value,1
C00864,515.16,1,3,2026-04-04,2026-04-04,India,South,Email,Basic,515.16,0,1.0,1.0,515.16,0.0,Low Value,1
C00865,3087.3900000000003,1,3,2025-11-06,2025-11-06,United States,North,Affiliate,Standard,3087.39,0,1.0,1.0,3087.39,-0.0,Medium Value,2
C00866,1584.75,1,5,2026-03-17,2026-03-17,United States,Central,Referral,Basic,1584.75,0,1.0,1.0,1584.75,0.0,Low Value,1
C00867,4438.174999999999,4,4,2025-03-02,2025-05-21,India,Central,Referral,Standard,1109.54,80,2.63,1.52,4435.5,-2.67,Medium Value,2
C00868,105341.288,7,30,2025-07-03,2025-11-03,India,West,Paid Search,Premium,15048.76,123,4.04,1.73,105178.79,-162.5,Very High Value,4
C00869,7338.921,2,6,2025-05-18,2025-06-13,Australia,Central,Referral,Standard,3669.46,26,1.0,2.0,7338.92,-0.0,High Value,3
C00870,11354.148500000001,4,11,2025-02-17,2025-04-27,India,North,Paid Search,Standard,2838.54,69,2.27,1.76,11340.54,-13.61,High Value,3
C00871,107689.9185,10,34,2026-01-08,2026-06-01,United States,North,Organic Search,Premium,10768.99,144,4.73,2.11,107477.75,-212.17,Very High Value,4
C00872,2886.215,2,6,2026-01-28,2026-02-14,India,Central,Email,Basic,1443.11,17,1.0,2.0,2886.22,0.0,Medium Value,2
C00873,11893.998,3,11,2025-04-02,2025-05-14,India,North,Organic Search,Standard,3964.67,42,1.38,2.17,11872.6,-21.4,Very High Value,4
C00874,16521.759,4,14,2025-06-20,2025-08-24,India,Central,Organic Search,Standard,4130.44,65,2.14,1.87,16529.19,7.43,Very High Value,4
C00875,4597.05,1,4,2025-09-23,2025-09-23,India,West,Social Media,Standard,4597.05,0,1.0,1.0,4597.05,0.0,Medium Value,2
C00876,591.7645,1,1,2026-01-26,2026-01-26,India,South,Social Media,Standard,591.76,0,1.0,1.0,591.76,-0.0,Low Value,1
C00877,1242.25,1,5,2026-04-28,2026-04-28,United States,North,Social Media,Basic,1242.25,0,1.0,1.0,1242.25,0.0,Low Value,1
C00878,1191.75,1,5,2025-07-02,2025-07-02,United States,North,Paid Search,Basic,1191.75,0,1.0,1.0,1191.75,0.0,Low Value,1
C00879,7861.198,6,16,2026-03-08,2026-06-29,United Kingdom,West,Affiliate,Basic,1310.2,113,3.71,1.62,7874.56,13.36,High Value,3
C00880,3774.24,1,3,2025-06-21,2025-06-21,India,East,Organic Search,Standard,3774.24,0,1.0,1.0,3774.24,0.0,Medium Value,2
C00881,11170.73,2,4,2026-01-22,2026-03-08,Australia,Central,Organic Search,Premium,5585.36,45,1.48,1.35,11159.55,-11.18,High Value,3
C00882,1238.396,2,6,2025-01-22,2025-02-10,India,North,Paid Search,Basic,619.2,19,1.0,2.0,1238.4,0.0,Low Value,1
C00883,17079.1665,5,12,2026-01-26,2026-03-25,India,South,Social Media,Standard,3415.83,58,1.91,2.62,17093.5,14.33,Very High Value,4
C00884,16175.4155,4,14,2025-11-28,2026-03-08,United States,South,Email,Standard,4043.85,100,3.29,1.22,16231.21,55.79,Very High Value,4
C00885,136.08,1,1,2026-05-01,2026-05-01,India,North,Email,Basic,136.08,0,1.0,1.0,136.08,0.0,Low Value,1
C00886,55845.0925,5,18,2026-01-03,2026-04-12,India,North,Email,Premium,11169.02,99,3.25,1.54,55900.95,55.86,Very High Value,4
C00887,1663.704,1,4,2025-12-12,2025-12-12,Canada,East,Paid Search,Basic,1663.7,0,1.0,1.0,1663.7,-0.0,Low Value,1
C00888,12162.257,7,13,2025-12-15,2026-04-19,India,West,Paid Search,Standard,1737.47,125,4.11,1.7,12139.7,-22.56,Very High Value,4
C00889,2745.76,1,4,2025-10-04,2025-10-04,India,Central,Referral,Basic,2745.76,0,1.0,1.0,2745.76,0.0,Medium Value,2
C00890,24744.62,3,9,2025-10-28,2025-12-14,India,North,Affiliate,Premium,8248.21,47,1.54,1.95,24769.37,24.75,Very High Value,4
C00891,3341.862,1,2,2025-09-16,2025-09-16,India,South,Paid Search,Standard,3341.86,0,1.0,1.0,3341.86,-0.0,Medium Value,2
C00892,2057.875,3,4,2025-06-29,2025-08-29,India,Central,Organic Search,Basic,685.96,61,2.0,1.5,2057.88,0.01,Low Value,1
C00893,51114.53,6,19,2025-08-09,2025-12-01,Australia,North,Referral,Premium,8519.09,114,3.75,1.6,51114.54,0.01,Very High Value,4
C00894,4853.6335,5,11,2025-07-05,2025-08-31,India,South,Referral,Basic,970.73,57,1.87,2.67,4846.76,-6.87,Medium Value,2
C00895,13280.8395,5,18,2025-12-09,2026-03-27,India,South,Referral,Standard,2656.17,108,3.55,1.41,13295.46,14.62,Very High Value,4
C00896,3481.9455,3,6,2025-06-26,2025-07-05,India,East,Affiliate,Basic,1160.65,9,1.0,3.0,3481.95,0.0,Medium Value,2
C00897,3373.1965,3,8,2025-11-13,2025-12-08,Canada,South,Social Media,Basic,1124.4,25,1.0,3.0,3373.2,0.0,Medium Value,2
C00898,36404.3675,4,14,2025-10-01,2025-12-17,Australia,West,Affiliate,Premium,9101.09,77,2.53,1.58,36380.7,-23.67,Very High Value,4
C00900,16089.242,5,14,2025-03-26,2025-05-29,United States,South,Organic Search,Standard,3217.85,64,2.1,2.38,16082.81,-6.43,Very High Value,4
C00901,58481.548,7,21,2025-08-25,2025-11-23,India,East,Affiliate,Premium,8354.51,90,2.96,2.36,58361.27,-120.28,Very High Value,4
C00902,2108.85,1,5,2026-06-05,2026-06-05,United States,South,Referral,Basic,2108.85,0,1.0,1.0,2108.85,0.0,Low Value,1
C00903,12078.445,3,7,2026-02-09,2026-02-28,India,Central,Affiliate,Standard,4026.15,19,1.0,3.0,12078.45,0.01,Very High Value,4
C00904,16151.254500000001,5,13,2025-05-13,2025-08-28,India,North,Organic Search,Standard,3230.25,107,3.52,1.42,16146.08,-5.17,Very High Value,4
C00905,2569.8305,3,9,2025-10-04,2025-12-15,United States,West,Referral,Basic,856.61,72,2.37,1.27,2578.31,8.48,Medium Value,2
C00906,3585.116,2,6,2025-09-28,2025-11-04,India,South,Social Media,Basic,1792.56,37,1.22,1.64,3586.55,1.43,Medium Value,2
C00907,3512.5319999999997,2,6,2025-01-11,2025-01-19,India,West,Affiliate,Standard,1756.27,8,1.0,2.0,3512.54,0.01,Medium Value,2
C00908,7885.642499999999,2,8,2025-04-23,2025-05-10,Canada,West,Organic Search,Standard,3942.82,17,1.0,2.0,7885.64,-0.0,High Value,3
C00909,1245.132,1,3,2025-09-05,2025-09-05,India,West,Referral,Basic,1245.13,0,1.0,1.0,1245.13,-0.0,Low Value,1
C00910,8691.1255,2,7,2025-07-28,2025-09-03,United Kingdom,West,Email,Standard,4345.56,37,1.22,1.64,8694.6,3.47,High Value,3
C00911,2100.119,3,6,2025-10-03,2025-12-07,India,North,Email,Basic,700.04,65,2.14,1.4,2097.32,-2.8,Low Value,1
C00912,6843.108,6,14,2025-02-09,2025-07-06,India,South,Referral,Basic,1140.52,147,4.83,1.24,6830.8,-12.31,High Value,3
C00913,5434.397,3,11,2025-10-31,2025-12-08,India,North,Paid Search,Basic,1811.47,38,1.25,2.4,5434.41,0.01,High Value,3
C00914,5941.07,6,17,2026-02-12,2026-06-24,India,West,Referral,Basic,990.18,132,4.34,1.38,5930.39,-10.68,High Value,3
C00915,4719.555,1,5,2026-01-12,2026-01-12,India,South,Social Media,Standard,4719.56,0,1.0,1.0,4719.56,0.01,Medium Value,2
C00916,12913.51,4,14,2025-10-04,2025-12-22,Australia,Central,Organic Search,Standard,3228.38,79,2.6,1.54,12926.43,12.92,Very High Value,4
C00917,1575.372,2,2,2025-08-26,2025-09-22,India,North,Paid Search,Standard,787.69,27,1.0,2.0,1575.38,0.01,Low Value,1
C00918,32855.226500000004,12,30,2025-05-24,2026-01-29,India,North,Referral,Standard,2737.94,250,8.21,1.46,32818.59,-36.64,Very High Value,4
C00919,24138.9925,7,19,2026-02-24,2026-05-29,India,North,Organic Search,Standard,3448.43,94,3.09,2.27,24188.32,49.33,Very High Value,4
C00920,69152.515,9,27,2025-02-26,2025-08-22,United States,West,Social Media,Premium,7683.61,177,5.81,1.55,69194.75,42.24,Very High Value,4
C00921,438.7575,1,3,2025-03-28,2025-03-28,India,West,Paid Search,Basic,438.76,0,1.0,1.0,438.76,0.0,Low Value,1
C00922,3581.8,2,8,2026-03-27,2026-04-11,India,South,Email,Basic,1790.9,15,1.0,2.0,3581.8,0.0,Medium Value,2
C00923,24257.725,4,6,2025-02-01,2025-03-23,United States,East,Paid Search,Premium,6064.43,50,1.64,2.44,24267.42,9.69,Very High Value,4
C00924,10168.967999999999,8,26,2025-04-19,2025-08-02,Australia,South,Organic Search,Basic,1271.12,105,3.45,2.32,10174.04,5.07,High Value,3
C00925,1657.5100000000002,2,6,2025-01-16,2025-02-17,India,West,Social Media,Basic,828.76,32,1.05,1.9,1653.38,-4.13,Low Value,1
C00926,12143.739000000001,8,26,2025-05-08,2025-10-07,India,West,Organic Search,Basic,1517.97,152,4.99,1.6,12119.47,-24.27,Very High Value,4
C00927,1382.64,1,2,2025-01-13,2025-01-13,India,Central,Paid Search,Standard,1382.64,0,1.0,1.0,1382.64,0.0,Low Value,1
C00928,1767.44,1,4,2025-06-05,2025-06-05,India,South,Organic Search,Basic,1767.44,0,1.0,1.0,1767.44,0.0,Low Value,1
C00929,8815.28,2,6,2025-01-27,2025-02-27,India,Central,Email,Premium,4407.64,31,1.02,1.96,8811.75,-3.53,High Value,3
C00930,13828.6075,7,14,2025-08-17,2025-12-18,United States,South,Affiliate,Standard,1975.52,123,4.04,1.73,13807.3,-21.31,Very High Value,4
C00931,160.27,1,1,2025-11-16,2025-11-16,India,Central,Social Media,Basic,160.27,0,1.0,1.0,160.27,0.0,Low Value,1
C00932,15308.526999999998,2,5,2026-05-08,2026-06-08,India,East,Organic Search,Premium,7654.26,31,1.02,1.96,15302.4,-6.13,Very High Value,4
C00933,4126.8985,3,12,2026-02-02,2026-02-25,India,Central,Social Media,Basic,1375.63,23,1.0,3.0,4126.89,-0.01,Medium Value,2
C00934,2860.0025,2,8,2026-03-29,2026-05-13,India,Central,Paid Search,Basic,1430.0,45,1.48,1.35,2857.14,-2.86,Medium Value,2
C00935,9048.593499999999,4,9,2025-02-21,2025-05-09,Australia,Central,Organic Search,Standard,2262.15,77,2.53,1.58,9042.72,-5.87,High Value,3
C00936,11211.168,1,4,2026-05-12,2026-05-12,India,East,Referral,Premium,11211.17,0,1.0,1.0,11211.17,0.0,High Value,3
C00937,15640.717,5,17,2025-11-05,2026-01-30,Australia,East,Affiliate,Standard,3128.14,86,2.83,1.77,15669.17,28.45,Very High Value,4
C00938,36788.435,4,11,2026-01-27,2026-02-17,United States,West,Email,Premium,9197.11,21,1.0,4.0,36788.44,0.01,Very High Value,4
C00939,3429.8805,2,6,2025-06-01,2025-07-07,India,North,Affiliate,Basic,1714.94,36,1.18,1.69,3419.93,-9.95,Medium Value,2
C00941,7830.2215,9,22,2025-11-15,2026-02-19,India,South,Referral,Basic,870.02,96,3.15,2.86,7838.01,7.79,High Value,3
C00942,1916.806,2,4,2026-02-12,2026-02-14,India,East,Organic Search,Basic,958.4,2,1.0,2.0,1916.8,-0.01,Low Value,1
C00943,7599.459000000001,3,9,2025-12-22,2026-01-04,United States,West,Paid Search,Standard,2533.15,13,1.0,3.0,7599.45,-0.01,High Value,3
C00944,2340.4950000000003,1,5,2025-04-29,2025-04-29,Australia,East,Organic Search,Basic,2340.5,0,1.0,1.0,2340.5,0.0,Medium Value,2
C00945,1971.6599999999999,2,3,2025-02-04,2025-04-01,India,West,Email,Basic,985.83,56,1.84,1.09,1977.18,5.52,Low Value,1
C00946,587.15,1,1,2026-04-23,2026-04-23,Australia,West,Paid Search,Basic,587.15,0,1.0,1.0,587.15,0.0,Low Value,1
C00947,7195.975,5,15,2025-11-07,2026-01-11,United Kingdom,East,Email,Basic,1439.2,65,2.14,2.34,7206.94,10.96,High Value,3
C00948,6440.436000000001,6,13,2025-07-14,2025-10-04,India,East,Referral,Basic,1073.41,82,2.69,2.23,6439.06,-1.38,High Value,3
C00949,4698.8,1,5,2025-07-04,2025-07-04,Canada,Central,Affiliate,Standard,4698.8,0,1.0,1.0,4698.8,0.0,Medium Value,2
C00950,1691.9594999999997,1,3,2025-11-15,2025-11-15,United States,East,Organic Search,Basic,1691.96,0,1.0,1.0,1691.96,0.0,Low Value,1
C00951,49254.6295,5,17,2025-08-12,2025-10-15,India,South,Organic Search,Premium,9850.93,64,2.1,2.38,49234.95,-19.68,Very High Value,4
C00952,3159.4300000000003,2,6,2025-10-12,2025-11-23,India,North,Paid Search,Basic,1579.72,42,1.38,1.45,3161.02,1.59,Medium Value,2
C00953,39068.97,4,12,2025-03-14,2025-05-31,United States,North,Social Media,Premium,9767.24,78,2.56,1.56,39006.45,-62.52,Very High Value,4
C00954,3116.863,2,5,2025-07-25,2025-08-11,India,Central,Affiliate,Basic,1558.43,17,1.0,2.0,3116.86,-0.0,Medium Value,2
C00955,5539.719999999999,2,10,2025-03-07,2025-03-17,United States,Central,Referral,Basic,2769.86,10,1.0,2.0,5539.72,0.0,High Value,3
C00956,753.8,1,2,2025-09-15,2025-09-15,India,Central,Paid Search,Basic,753.8,0,1.0,1.0,753.8,0.0,Low Value,1
C00957,14227.08,1,4,2026-03-27,2026-03-27,India,North,Email,Premium,14227.08,0,1.0,1.0,14227.08,0.0,Very High Value,4
C00958,23604.0385,7,21,2026-02-03,2026-06-13,India,East,Email,Standard,3372.01,130,4.27,1.64,23613.51,9.47,Very High Value,4
C00959,572.1750000000001,1,1,2025-05-09,2025-05-09,India,South,Paid Search,Standard,572.18,0,1.0,1.0,572.18,0.0,Low Value,1
C00960,10795.373,8,25,2025-12-20,2026-06-11,India,South,Organic Search,Basic,1349.42,173,5.68,1.41,10807.23,11.86,High Value,3
C00961,19684.586499999998,6,22,2025-10-17,2026-01-04,India,South,Social Media,Standard,3280.76,79,2.6,2.31,19704.24,19.65,Very High Value,4
C00962,3440.3680000000004,4,8,2026-05-05,2026-06-15,United Kingdom,East,Email,Basic,860.09,41,1.35,2.96,3436.92,-3.45,Medium Value,2
C00963,1296.06,1,3,2026-05-02,2026-05-02,India,West,Paid Search,Basic,1296.06,0,1.0,1.0,1296.06,0.0,Low Value,1
C00965,1098.3045,1,3,2026-05-03,2026-05-03,United Kingdom,West,Email,Basic,1098.3,0,1.0,1.0,1098.3,-0.0,Low Value,1
C00966,21670.143500000002,2,5,2026-01-20,2026-02-10,India,Central,Referral,Premium,10835.07,21,1.0,2.0,21670.14,-0.0,Very High Value,4
C00967,3549.8340000000003,3,10,2025-10-26,2025-12-13,India,West,Organic Search,Basic,1183.28,48,1.58,1.9,3552.21,2.38,Medium Value,2
C00968,2196.12,1,4,2026-02-05,2026-02-05,Australia,South,Social Media,Basic,2196.12,0,1.0,1.0,2196.12,0.0,Low Value,1
C00969,27831.663,5,10,2025-06-01,2025-09-30,India,West,Affiliate,Premium,5566.33,121,3.98,1.26,27914.03,82.37,Very High Value,4
C00970,3669.316,3,11,2026-03-31,2026-04-25,India,West,Referral,Basic,1223.11,25,1.0,3.0,3669.33,0.01,Medium Value,2
C00971,6267.7699999999995,5,15,2025-09-08,2025-11-02,India,South,Social Media,Basic,1253.55,55,1.81,2.76,6262.23,-5.54,High Value,3
C00972,18479.5,4,16,2025-10-14,2025-11-17,India,North,Organic Search,Standard,4619.88,34,1.12,3.57,18472.13,-7.37,Very High Value,4
C00973,20641.787999999997,5,18,2025-10-17,2026-01-16,India,Central,Social Media,Standard,4128.36,91,2.99,1.67,20614.14,-27.65,Very High Value,4
C00974,24958.613999999998,7,20,2025-09-10,2026-01-19,India,East,Paid Search,Standard,3565.52,131,4.3,1.63,24990.73,32.12,Very High Value,4
C00975,7624.915,5,19,2025-08-29,2025-11-10,India,East,Social Media,Basic,1524.98,73,2.4,2.08,7612.7,-12.22,High Value,3
C00976,4359.83,2,7,2025-03-07,2025-04-04,Canada,Central,Referral,Basic,2179.92,28,1.0,2.0,4359.84,0.01,Medium Value,2
C00977,37699.248,3,9,2025-06-16,2025-08-01,India,West,Social Media,Premium,12566.42,46,1.51,1.99,37760.84,61.59,Very High Value,4
C00978,455.096,1,1,2025-03-12,2025-03-12,United States,Central,Email,Basic,455.1,0,1.0,1.0,455.1,0.0,Low Value,1
C00979,52906.685,8,23,2025-12-19,2026-06-15,United States,South,Organic Search,Premium,6613.34,178,5.85,1.37,53002.61,95.93,Very High Value,4
C00980,8082.5325,3,15,2025-11-29,2025-12-14,United Kingdom,South,Referral,Basic,2694.18,15,1.0,3.0,8082.54,0.01,High Value,3
C00981,32840.329,4,11,2025-11-30,2026-01-07,India,South,Social Media,Premium,8210.08,38,1.25,3.2,32840.32,-0.01,Very High Value,4
C00982,25666.09,3,11,2026-03-03,2026-04-04,Australia,East,Affiliate,Premium,8555.36,32,1.05,2.86,25691.75,25.66,Very High Value,4
C00983,6762.558,3,6,2026-04-21,2026-06-12,United Kingdom,North,Paid Search,Standard,2254.19,52,1.71,1.75,6745.66,-16.9,High Value,3
C00984,33326.323000000004,3,9,2026-03-29,2026-05-12,India,East,Organic Search,Premium,11108.77,44,1.45,2.07,33342.97,16.65,Very High Value,4
C00985,2141.31,1,3,2025-01-31,2025-01-31,India,East,Email,Basic,2141.31,0,1.0,1.0,2141.31,0.0,Low Value,1
C00986,2495.84,1,4,2025-08-13,2025-08-13,United Kingdom,West,Email,Standard,2495.84,0,1.0,1.0,2495.84,0.0,Medium Value,2
C00987,2524.702,3,7,2025-08-22,2025-10-01,India,South,Social Media,Basic,841.57,40,1.31,2.29,2524.63,-0.07,Medium Value,2
C00988,7884.187,2,3,2026-04-26,2026-04-26,India,West,Paid Search,Premium,3942.09,0,1.0,2.0,7884.18,-0.01,High Value,3
C00989,10678.126,2,6,2025-03-27,2025-04-04,India,North,Organic Search,Premium,5339.06,8,1.0,2.0,10678.12,-0.01,High Value,3
C00990,9053.272,1,4,2025-03-12,2025-03-12,Canada,West,Organic Search,Premium,9053.27,0,1.0,1.0,9053.27,-0.0,High Value,3
C00991,1170.799,1,2,2026-05-15,2026-05-15,India,South,Social Media,Basic,1170.8,0,1.0,1.0,1170.8,0.0,Low Value,1
C00992,2151.7200000000003,1,5,2025-08-12,2025-08-12,India,South,Paid Search,Basic,2151.72,0,1.0,1.0,2151.72,-0.0,Low Value,1
C00993,6051.391,2,3,2026-01-23,2026-03-03,India,Central,Organic Search,Premium,3025.7,39,1.28,1.56,6041.72,-9.67,High Value,3
C00994,691.6025,1,5,2025-01-26,2025-01-26,India,Central,Affiliate,Basic,691.6,0,1.0,1.0,691.6,-0.0,Low Value,1
C00995,15316.48,1,4,2026-01-09,2026-01-09,Australia,Central,Organic Search,Premium,15316.48,0,1.0,1.0,15316.48,0.0,Very High Value,4
C00996,484.5,1,1,2025-09-08,2025-09-08,Canada,Central,Social Media,Basic,484.5,0,1.0,1.0,484.5,0.0,Low Value,1
C00997,12613.062500000002,5,13,2026-02-02,2026-04-30,United States,North,Email,Standard,2522.61,87,2.86,1.75,12625.66,12.6,Very High Value,4
C00998,301.184,1,2,2025-11-16,2025-11-16,India,East,Organic Search,Basic,301.18,0,1.0,1.0,301.18,-0.0,Low Value,1
C00999,55822.31,4,14,2026-04-18,2026-06-06,India,East,Social Media,Premium,13955.58,49,1.61,2.48,55721.84,-100.47,Very High Value,4
C01000,10530.378,3,9,2025-06-10,2025-06-29,United States,Central,Organic Search,Standard,3510.13,19,1.0,3.0,10530.39,0.01,High Value,3
C01001,806.6925,1,3,2025-02-15,2025-02-15,India,Central,Email,Basic,806.69,0,1.0,1.0,806.69,-0.0,Low Value,1
C01002,4613.9580000000005,2,8,2026-03-07,2026-04-12,India,North,Referral,Basic,2306.98,36,1.18,1.69,4600.58,-13.38,Medium Value,2
C01003,4290.198,3,8,2026-04-05,2026-06-12,India,East,Referral,Basic,1430.07,68,2.23,1.35,4305.23,15.03,Medium Value,2
C01004,7769.4619999999995,2,8,2025-01-19,2025-02-06,India,Central,Referral,Standard,3884.73,18,1.0,2.0,7769.46,-0.0,High Value,3
C01005,11785.611,3,11,2025-09-12,2025-11-05,India,South,Paid Search,Standard,3928.54,54,1.77,1.69,11751.44,-34.17,High Value,3
C01006,4102.092000000001,3,9,2026-02-21,2026-04-12,India,North,Social Media,Basic,1367.36,50,1.64,1.83,4103.72,1.63,Medium Value,2
C01007,2071.858,2,6,2026-05-17,2026-05-31,United States,West,Referral,Basic,1035.93,14,1.0,2.0,2071.86,0.0,Low Value,1
C01008,4917.999,2,4,2026-01-12,2026-01-16,India,South,Social Media,Standard,2459.0,4,1.0,2.0,4918.0,0.0,High Value,3
C01009,5861.5785000000005,4,13,2025-12-03,2026-02-19,India,North,Paid Search,Basic,1465.39,78,2.56,1.56,5852.18,-9.4,High Value,3
C01010,3014.4399999999996,2,3,2025-09-30,2025-10-14,India,Central,Referral,Standard,1507.22,14,1.0,2.0,3014.44,0.0,Medium Value,2
C01011,9729.818,2,4,2025-06-02,2025-06-27,India,West,Organic Search,Premium,4864.91,25,1.0,2.0,9729.82,0.0,High Value,3
C01012,3805.3725000000004,2,6,2026-01-15,2026-02-12,United States,Central,Paid Search,Basic,1902.69,28,1.0,2.0,3805.38,0.01,Medium Value,2
C01013,4791.36,1,3,2025-12-09,2025-12-09,United Kingdom,West,Paid Search,Standard,4791.36,0,1.0,1.0,4791.36,0.0,Medium Value,2
C01014,2446.3,1,4,2025-06-13,2025-06-13,India,North,Paid Search,Standard,2446.3,0,1.0,1.0,2446.3,0.0,Medium Value,2
C01015,6271.6645,4,7,2025-12-22,2026-03-28,United States,Central,Referral,Standard,1567.92,96,3.15,1.27,6272.46,0.8,High Value,3
C01016,70263.29000000001,9,28,2025-04-09,2025-11-15,United States,North,Paid Search,Premium,7807.03,220,7.23,1.24,69991.59,-271.7,Very High Value,4
C01017,7886.293999999999,2,6,2025-03-11,2025-03-14,India,West,Social Media,Standard,3943.15,3,1.0,2.0,7886.3,0.01,High Value,3
C01018,66862.884,21,58,2025-02-13,2026-01-09,India,North,Organic Search,Standard,3183.95,330,10.84,1.94,66957.19,94.31,Very High Value,4
C01019,2062.68,2,8,2025-05-16,2025-05-29,United States,North,Affiliate,Basic,1031.34,13,1.0,2.0,2062.68,0.0,Low Value,1
C01020,3640.44,2,9,2025-03-27,2025-04-27,United States,Central,Paid Search,Basic,1820.22,31,1.02,1.96,3638.98,-1.46,Medium Value,2
C01021,2660.92,1,5,2025-04-23,2025-04-23,United Kingdom,West,Paid Search,Basic,2660.92,0,1.0,1.0,2660.92,0.0,Medium Value,2
C01022,11758.3,3,8,2025-06-10,2025-08-05,India,East,Referral,Standard,3919.43,56,1.84,1.63,11755.15,-3.15,High Value,3
C01023,6993.565,2,10,2025-02-16,2025-03-13,Australia,East,Paid Search,Basic,3496.78,25,1.0,2.0,6993.56,-0.0,High Value,3
C01024,422.0640000000001,1,2,2025-04-24,2025-04-24,Australia,West,Social Media,Basic,422.06,0,1.0,1.0,422.06,-0.0,Low Value,1
C01025,774.28,1,4,2025-12-19,2025-12-19,India,South,Social Media,Basic,774.28,0,1.0,1.0,774.28,0.0,Low Value,1
C01026,1492.32,1,2,2025-03-18,2025-03-18,India,East,Affiliate,Basic,1492.32,0,1.0,1.0,1492.32,0.0,Low Value,1
C01027,1672.598,2,5,2025-05-15,2025-05-22,Canada,North,Referral,Basic,836.3,7,1.0,2.0,1672.6,0.0,Low Value,1
C01028,9072.861499999999,4,12,2026-05-08,2026-06-05,India,West,Organic Search,Standard,2268.22,28,1.0,4.0,9072.88,0.02,High Value,3
C01029,870.6719999999999,1,4,2025-11-12,2025-11-12,India,West,Organic Search,Basic,870.67,0,1.0,1.0,870.67,-0.0,Low Value,1
C01030,511.461,1,3,2026-03-14,2026-03-14,India,Central,Referral,Basic,511.46,0,1.0,1.0,511.46,-0.0,Low Value,1
C01031,35339.6925,3,11,2026-02-23,2026-03-15,India,Central,Social Media,Premium,11779.9,20,1.0,3.0,35339.7,0.01,Very High Value,4
C01032,972.5,1,1,2025-06-16,2025-06-16,India,North,Paid Search,Premium,972.5,0,1.0,1.0,972.5,0.0,Low Value,1
C01033,998.05,1,5,2026-03-25,2026-03-25,United Kingdom,East,Social Media,Basic,998.05,0,1.0,1.0,998.05,0.0,Low Value,1
C01034,32233.801,4,13,2025-08-25,2025-11-23,United States,East,Email,Premium,8058.45,90,2.96,1.35,32201.57,-32.23,Very High Value,4
C01035,1751.4675,1,5,2025-07-31,2025-07-31,United States,West,Social Media,Basic,1751.47,0,1.0,1.0,1751.47,0.0,Low Value,1
C01036,4101.08,2,6,2026-01-14,2026-02-02,India,South,Affiliate,Basic,2050.54,19,1.0,2.0,4101.08,0.0,Medium Value,2
C01037,2187.575,2,4,2025-07-02,2025-07-06,Australia,West,Social Media,Basic,1093.79,4,1.0,2.0,2187.58,0.01,Low Value,1
C01038,2222.525,1,5,2025-07-03,2025-07-03,India,North,Referral,Basic,2222.52,0,1.0,1.0,2222.52,-0.01,Medium Value,2
C01039,11409.74,3,9,2025-10-20,2025-12-18,India,Central,Social Media,Standard,3803.25,59,1.94,1.55,11436.37,26.63,High Value,3
C01040,20846.061,17,49,2025-02-15,2026-02-13,United Kingdom,West,Referral,Basic,1226.24,363,11.93,1.42,20773.24,-72.82,Very High Value,4
C01041,1957.248,1,1,2025-02-07,2025-02-07,India,South,Paid Search,Standard,1957.25,0,1.0,1.0,1957.25,0.0,Low Value,1
C01042,16978.32,2,7,2026-03-07,2026-03-26,United Kingdom,West,Referral,Premium,8489.16,19,1.0,2.0,16978.32,0.0,Very High Value,4
C01043,24501.010000000002,8,24,2026-03-19,2026-06-19,United Kingdom,West,Organic Search,Standard,3062.63,92,3.02,2.65,24510.23,9.22,Very High Value,4
C01044,10729.851,1,3,2025-05-03,2025-05-03,India,West,Social Media,Premium,10729.85,0,1.0,1.0,10729.85,-0.0,High Value,3
C01045,5171.9490000000005,2,4,2025-04-06,2025-04-14,United States,South,Paid Search,Standard,2585.97,8,1.0,2.0,5171.94,-0.01,High Value,3
C01046,4755.166499999999,4,10,2025-03-16,2025-06-26,India,West,Paid Search,Basic,1188.79,102,3.35,1.19,4739.11,-16.06,Medium Value,2
C01047,9956.562,3,10,2025-05-09,2025-05-26,India,North,Affiliate,Standard,3318.85,17,1.0,3.0,9956.55,-0.01,High Value,3
C01048,3013.381,2,6,2025-07-17,2025-08-29,Canada,North,Referral,Basic,1506.69,43,1.41,1.42,3016.69,3.31,Medium Value,2
C01049,2128.52,3,9,2026-05-02,2026-06-16,Canada,Central,Organic Search,Basic,709.51,45,1.48,2.03,2131.65,3.13,Low Value,1
C01050,7944.66,2,5,2026-02-12,2026-03-03,India,South,Social Media,Standard,3972.33,19,1.0,2.0,7944.66,0.0,High Value,3
C01051,3416.87,2,5,2025-08-17,2025-09-12,United Kingdom,South,Organic Search,Basic,1708.44,26,1.0,2.0,3416.88,0.01,Medium Value,2
C01052,16433.954999999998,3,13,2025-09-29,2025-11-16,United Kingdom,North,Email,Standard,5477.98,48,1.58,1.9,16444.9,10.95,Very High Value,4
C01053,5259.0,2,4,2025-01-14,2025-01-18,India,South,Social Media,Standard,2629.5,4,1.0,2.0,5259.0,0.0,High Value,3
C01054,9037.237,5,15,2025-07-11,2026-01-19,India,Central,Referral,Basic,1807.45,192,6.31,0.79,9009.96,-27.28,High Value,3
C01055,6357.4355,4,14,2025-04-26,2025-07-29,India,South,Paid Search,Basic,1589.36,94,3.09,1.29,6335.35,-22.09,High Value,3
C01056,5523.76,1,4,2026-05-08,2026-05-08,India,South,Social Media,Premium,5523.76,0,1.0,1.0,5523.76,0.0,High Value,3
C01057,24649.58,5,18,2025-07-17,2025-09-15,India,West,Paid Search,Standard,4929.92,60,1.97,2.54,24668.33,18.75,Very High Value,4
C01058,536.724,1,2,2025-09-03,2025-09-03,Australia,North,Organic Search,Basic,536.72,0,1.0,1.0,536.72,-0.0,Low Value,1
C01059,11006.32,4,11,2025-09-18,2025-12-19,Canada,North,Social Media,Standard,2751.58,92,3.02,1.32,10968.9,-37.42,High Value,3
C01060,2933.88,2,6,2025-06-19,2025-07-30,India,East,Paid Search,Basic,1466.94,41,1.35,1.48,2930.95,-2.93,Medium Value,2
C01061,2687.9809999999998,3,7,2025-05-24,2025-06-21,India,South,Referral,Basic,895.99,28,1.0,3.0,2687.97,-0.01,Medium Value,2
C01062,70340.538,6,21,2025-09-28,2026-01-22,India,West,Organic Search,Premium,11723.42,116,3.81,1.57,70125.98,-214.56,Very High Value,4
C01063,8624.83,3,10,2025-08-09,2025-10-08,United States,West,Paid Search,Standard,2874.94,60,1.97,1.52,8608.72,-16.11,High Value,3
C01064,2825.9685,3,9,2025-04-16,2025-07-02,United States,North,Paid Search,Basic,941.99,77,2.53,1.19,2836.05,10.08,Medium Value,2
C01065,10182.2125,6,20,2026-03-29,2026-06-21,India,West,Social Media,Basic,1697.04,84,2.76,2.17,10163.91,-18.3,High Value,3
C01066,5592.911,3,6,2025-11-29,2026-02-27,Canada,Central,Organic Search,Standard,1864.3,90,2.96,1.01,5573.51,-19.4,High Value,3
C01067,113938.7415,11,32,2025-05-17,2026-02-04,India,Central,Organic Search,Premium,10358.07,263,8.64,1.27,113657.03,-281.71,Very High Value,4
C01068,6117.39,1,3,2026-03-27,2026-03-27,United States,North,Social Media,Standard,6117.39,0,1.0,1.0,6117.39,0.0,High Value,3
C01069,2976.165,1,5,2025-07-08,2025-07-08,Canada,South,Social Media,Standard,2976.16,0,1.0,1.0,2976.16,-0.01,Medium Value,2
C01070,2266.896,2,5,2025-10-26,2025-11-13,Australia,West,Referral,Basic,1133.45,18,1.0,2.0,2266.9,0.0,Medium Value,2
C01071,2643.5829999999996,2,7,2026-02-08,2026-02-13,India,West,Social Media,Basic,1321.79,5,1.0,2.0,2643.58,-0.0,Medium Value,2
C01072,12663.56,5,12,2026-03-10,2026-06-24,India,West,Organic Search,Standard,2532.71,106,3.48,1.44,12691.92,28.36,Very High Value,4
C01074,3622.14,3,6,2025-02-28,2025-04-27,India,East,Organic Search,Basic,1207.38,58,1.91,1.57,3620.57,-1.57,Medium Value,2
C01075,5568.831999999999,5,16,2025-11-19,2026-02-18,India,West,Organic Search,Basic,1113.77,91,2.99,1.67,5561.39,-7.44,High Value,3
C01076,8974.9825,1,5,2025-05-06,2025-05-06,United Kingdom,East,Referral,Standard,8974.98,0,1.0,1.0,8974.98,-0.0,High Value,3
C01077,1303.65,1,5,2025-12-18,2025-12-18,India,East,Organic Search,Basic,1303.65,0,1.0,1.0,1303.65,0.0,Low Value,1
C01078,435.63,1,1,2026-01-18,2026-01-18,United Kingdom,Central,Affiliate,Basic,435.63,0,1.0,1.0,435.63,0.0,Low Value,1
C01079,92456.803,11,32,2025-11-29,2026-06-12,India,North,Referral,Premium,8405.16,195,6.41,1.72,92668.57,211.77,Very High Value,4
C01080,2280.3,1,5,2025-02-01,2025-02-01,India,East,Organic Search,Basic,2280.3,0,1.0,1.0,2280.3,0.0,Medium Value,2
C01081,5389.635,1,5,2025-12-26,2025-12-26,United Kingdom,North,Social Media,Standard,5389.64,0,1.0,1.0,5389.64,0.01,High Value,3
C01082,14245.715,5,17,2025-07-07,2025-11-08,United Kingdom,North,Organic Search,Standard,2849.14,124,4.07,1.23,14263.08,17.36,Very High Value,4
C01083,17235.591,4,14,2026-04-13,2026-06-04,United States,South,Affiliate,Standard,4308.9,52,1.71,2.34,17241.63,6.04,Very High Value,4
C01084,4811.816000000001,3,9,2026-04-07,2026-05-21,India,West,Paid Search,Basic,1603.94,44,1.45,2.07,4814.23,2.41,Medium Value,2
C01085,2885.7174999999997,2,4,2025-09-25,2025-10-18,India,North,Social Media,Standard,1442.86,23,1.0,2.0,2885.72,0.0,Medium Value,2
C01086,792.54,1,1,2026-04-22,2026-04-22,India,Central,Paid Search,Standard,792.54,0,1.0,1.0,792.54,0.0,Low Value,1
C01087,573.876,1,4,2026-06-20,2026-06-20,Canada,South,Referral,Basic,573.88,0,1.0,1.0,573.88,0.0,Low Value,1
C01088,3660.6400000000003,3,8,2026-04-28,2026-06-14,India,North,Organic Search,Basic,1220.21,47,1.54,1.95,3664.29,3.65,Medium Value,2
C01089,26650.994,6,22,2025-09-21,2026-02-05,India,South,Organic Search,Standard,4441.83,137,4.5,1.33,26584.35,-66.64,Very High Value,4
C01090,3919.364,3,10,2025-12-20,2026-02-06,India,South,Social Media,Basic,1306.45,48,1.58,1.9,3921.96,2.6,Medium Value,2
C01091,21903.236,6,20,2025-02-07,2025-07-22,India,North,Paid Search,Standard,3650.54,165,5.42,1.11,21962.38,59.14,Very High Value,4
C01092,6702.4945,4,7,2025-10-19,2025-11-15,United Kingdom,West,Email,Standard,1675.62,27,1.0,4.0,6702.48,-0.01,High Value,3
C01094,1102.7,1,2,2025-03-16,2025-03-16,India,East,Referral,Basic,1102.7,0,1.0,1.0,1102.7,0.0,Low Value,1
C01095,4960.143,4,14,2025-06-04,2025-08-06,India,North,Referral,Basic,1240.04,63,2.07,1.93,4954.08,-6.06,High Value,3
C01096,23979.942,5,7,2025-11-20,2026-02-06,India,Central,Affiliate,Premium,4795.99,78,2.56,1.95,23941.58,-38.36,Very High Value,4
C01097,2829.6200000000003,2,6,2026-01-01,2026-01-15,India,South,Affiliate,Basic,1414.81,14,1.0,2.0,2829.62,-0.0,Medium Value,2
C01098,2335.846,2,5,2025-11-21,2025-12-23,India,East,Organic Search,Basic,1167.92,32,1.05,1.9,2330.0,-5.85,Medium Value,2
C01099,285.07,1,1,2026-01-04,2026-01-04,India,East,Paid Search,Basic,285.07,0,1.0,1.0,285.07,0.0,Low Value,1
C01100,9246.231,3,10,2025-10-08,2025-12-29,India,North,Paid Search,Standard,3082.08,82,2.69,1.12,9285.69,39.46,High Value,3
C01101,30771.683,8,25,2025-09-08,2026-02-05,India,South,Affiliate,Standard,3846.46,150,4.93,1.62,30720.14,-51.54,Very High Value,4
C01102,5106.0885,4,17,2025-06-23,2025-09-07,India,East,Email,Basic,1276.52,76,2.5,1.6,5106.08,-0.01,High Value,3
C01103,6293.760000000001,1,3,2025-12-08,2025-12-08,United States,Central,Email,Premium,6293.76,0,1.0,1.0,6293.76,-0.0,High Value,3
C01105,1633.4550000000002,1,5,2025-08-06,2025-08-06,India,South,Email,Basic,1633.46,0,1.0,1.0,1633.46,0.0,Low Value,1
C01106,30449.002,3,9,2025-12-10,2026-02-23,India,Central,Organic Search,Premium,10149.67,75,2.46,1.22,30461.19,12.19,Very High Value,4
C01107,46844.099,4,16,2025-01-21,2025-03-22,United States,West,Organic Search,Premium,11711.02,60,1.97,2.03,46833.54,-10.56,Very High Value,4
C01108,3088.0715,3,5,2025-08-10,2025-09-19,United Kingdom,East,Organic Search,Standard,1029.36,40,1.31,2.29,3087.98,-0.09,Medium Value,2
C01109,4797.2165,3,10,2025-12-20,2026-01-30,United States,South,Paid Search,Basic,1599.07,41,1.35,2.22,4792.41,-4.81,Medium Value,2
C01110,1893.046,1,4,2025-01-17,2025-01-17,India,East,Paid Search,Basic,1893.05,0,1.0,1.0,1893.05,0.0,Low Value,1
C01111,5355.721,5,12,2025-04-26,2025-07-17,United States,West,Email,Basic,1071.14,82,2.69,1.86,5359.34,3.62,High Value,3
C01112,3378.2325,3,10,2025-04-19,2025-05-10,United States,West,Referral,Basic,1126.08,21,1.0,3.0,3378.24,0.01,Medium Value,2
C01113,57039.835,5,17,2025-11-16,2026-02-27,India,South,Organic Search,Premium,11407.97,103,3.38,1.48,57067.23,27.4,Very High Value,4
C01114,4515.916,3,13,2025-07-20,2025-08-17,United States,Central,Organic Search,Basic,1505.31,28,1.0,3.0,4515.93,0.01,Medium Value,2
C01115,832.1245,1,1,2026-04-29,2026-04-29,United Kingdom,South,Paid Search,Standard,832.12,0,1.0,1.0,832.12,-0.0,Low Value,1
C01116,7865.4169999999995,2,9,2025-03-15,2025-03-29,India,West,Organic Search,Standard,3932.71,14,1.0,2.0,7865.42,0.0,High Value,3
C01117,4886.0115000000005,2,8,2025-06-08,2025-07-10,India,East,Referral,Standard,2443.01,32,1.05,1.9,4873.8,-12.21,High Value,3
C01118,7319.023,2,7,2026-03-12,2026-03-16,India,East,Organic Search,Standard,3659.51,4,1.0,2.0,7319.02,-0.0,High Value,3
C01119,54441.921,17,54,2025-03-24,2026-02-28,India,East,Email,Standard,3202.47,341,11.2,1.52,54518.85,76.93,Very High Value,4
C01120,41569.142499999994,5,16,2025-05-11,2025-09-07,India,East,Organic Search,Premium,8313.83,119,3.91,1.28,41609.06,39.92,Very High Value,4
C01121,6202.925,6,17,2025-07-16,2025-10-23,India,Central,Email,Basic,1033.82,99,3.25,1.85,6215.84,12.91,High Value,3
C01122,16177.739000000001,5,12,2026-01-11,2026-04-14,India,East,Referral,Standard,3235.55,93,3.06,1.63,16138.28,-39.46,Very High Value,4
C01123,26461.5475,4,11,2025-03-27,2025-06-10,India,South,Email,Premium,6615.39,75,2.46,1.63,26526.39,64.84,Very High Value,4
C01124,11413.426,2,4,2025-03-29,2025-04-27,India,East,Organic Search,Premium,5706.71,29,1.0,2.0,11413.42,-0.01,High Value,3
C01125,12622.4705,4,12,2025-06-04,2025-09-23,India,North,Paid Search,Standard,3155.62,111,3.65,1.1,12669.81,47.34,Very High Value,4
C01126,69283.30099999999,7,25,2025-03-15,2025-06-30,India,South,Email,Premium,9897.61,107,3.52,1.99,69330.78,47.48,Very High Value,4
C01127,5449.102499999999,2,6,2025-12-27,2026-02-06,United States,East,Referral,Standard,2724.55,41,1.35,1.48,5443.65,-5.45,High Value,3
C01128,14920.616,3,10,2025-11-04,2026-01-23,India,South,Paid Search,Standard,4973.54,80,2.63,1.14,14911.67,-8.95,Very High Value,4
C01129,174.7715,1,1,2025-09-22,2025-09-22,India,South,Paid Search,Basic,174.77,0,1.0,1.0,174.77,-0.0,Low Value,1
C01130,30962.694000000003,5,13,2025-05-05,2025-08-16,United Kingdom,Central,Referral,Premium,6192.54,103,3.38,1.48,30977.56,14.87,Very High Value,4
C01131,34173.009999999995,3,10,2025-10-25,2025-11-22,India,North,Email,Premium,11391.0,28,1.0,3.0,34173.0,-0.01,Very High Value,4
C01132,1281.5025,1,1,2025-03-28,2025-03-28,India,West,Affiliate,Standard,1281.5,0,1.0,1.0,1281.5,-0.0,Low Value,1
C01133,37725.634,5,16,2025-09-03,2025-12-06,India,Central,Referral,Premium,7545.13,94,3.09,1.62,37769.41,43.78,Very High Value,4
C01134,27972.372,5,15,2025-06-18,2025-07-30,India,North,Organic Search,Premium,5594.47,42,1.38,3.62,27947.73,-24.64,Very High Value,4
C01135,2189.79,2,9,2025-05-06,2025-05-14,India,South,Paid Search,Basic,1094.9,8,1.0,2.0,2189.8,0.01,Low Value,1
C01136,11359.6495,6,12,2026-02-25,2026-06-23,United States,North,Organic Search,Standard,1893.27,118,3.88,1.55,11386.13,26.48,High Value,3
C01137,3419.578,3,10,2025-03-02,2025-04-17,United Kingdom,Central,Organic Search,Basic,1139.86,46,1.51,1.99,3425.17,5.59,Medium Value,2
C01138,35174.1685,11,31,2025-01-28,2025-11-14,United States,North,Organic Search,Standard,3197.65,290,9.53,1.15,35044.65,-129.52,Very High Value,4
C01139,2150.699,2,3,2025-04-19,2025-06-04,India,South,Email,Basic,1075.35,46,1.51,1.32,2143.39,-7.31,Low Value,1
C01140,1226.564,1,4,2026-03-20,2026-03-20,Australia,East,Referral,Basic,1226.56,0,1.0,1.0,1226.56,-0.0,Low Value,1
C01141,13433.888500000001,4,18,2025-09-23,2026-01-01,India,Central,Referral,Standard,3358.47,100,3.29,1.22,13480.23,46.34,Very High Value,4
C01142,860.8,1,2,2025-11-01,2025-11-01,India,Central,Referral,Basic,860.8,0,1.0,1.0,860.8,0.0,Low Value,1
C01143,1622.003,2,7,2026-04-24,2026-05-01,Australia,North,Referral,Basic,811.0,7,1.0,2.0,1622.0,-0.0,Low Value,1
C01144,9844.7155,5,11,2025-10-05,2026-01-15,India,West,Referral,Standard,1968.94,102,3.35,1.49,9827.96,-16.76,High Value,3
C01145,417.699,1,1,2025-03-12,2025-03-12,Australia,East,Organic Search,Basic,417.7,0,1.0,1.0,417.7,0.0,Low Value,1
C01146,1483.67,2,6,2025-08-18,2025-09-01,India,East,Organic Search,Basic,741.84,14,1.0,2.0,1483.68,0.01,Low Value,1
C01147,4198.732,5,13,2026-01-30,2026-04-26,United Kingdom,East,Paid Search,Basic,839.75,86,2.83,1.77,4206.39,7.66,Medium Value,2
C01148,1620.004,2,3,2025-03-07,2025-04-16,United Kingdom,West,Paid Search,Basic,810.0,40,1.31,1.53,1623.48,3.48,Low Value,1
C01149,22735.691,5,9,2025-09-12,2026-01-08,India,West,Organic Search,Premium,4547.14,118,3.88,1.29,22759.35,23.66,Very High Value,4
C01150,806.86,1,2,2025-02-11,2025-02-11,Australia,West,Referral,Basic,806.86,0,1.0,1.0,806.86,0.0,Low Value,1
C01152,58002.740000000005,7,20,2025-03-25,2025-10-11,United States,West,Organic Search,Premium,8286.11,200,6.57,1.07,58250.52,247.78,Very High Value,4
C01153,7832.07,6,21,2026-04-10,2026-06-25,India,North,Affiliate,Basic,1305.34,76,2.5,2.4,7832.04,-0.03,High Value,3
C01155,8196.514500000001,4,8,2026-02-07,2026-04-09,United Kingdom,Central,Email,Standard,2049.13,61,2.0,2.0,8196.52,0.01,High Value,3
C01156,12839.819999999998,1,5,2026-05-16,2026-05-16,United Kingdom,West,Paid Search,Premium,12839.82,0,1.0,1.0,12839.82,0.0,Very High Value,4
C01157,760.26,1,2,2025-09-27,2025-09-27,India,West,Paid Search,Basic,760.26,0,1.0,1.0,760.26,0.0,Low Value,1
C01158,4171.407,3,9,2025-12-06,2026-01-17,India,North,Affiliate,Basic,1390.47,42,1.38,2.17,4163.9,-7.51,Medium Value,2
C01159,15264.89,5,14,2025-12-15,2026-03-06,India,South,Organic Search,Standard,3052.98,81,2.66,1.88,15267.34,2.45,Very High Value,4
C01160,12957.297499999999,4,11,2025-11-20,2025-12-27,United Kingdom,North,Email,Standard,3239.32,37,1.22,3.28,12962.46,5.16,Very High Value,4
C01161,987.876,1,3,2025-09-18,2025-09-18,India,West,Organic Search,Basic,987.88,0,1.0,1.0,987.88,0.0,Low Value,1
C01162,1143.484,2,6,2026-04-28,2026-05-02,Australia,North,Social Media,Basic,571.74,4,1.0,2.0,1143.48,-0.0,Low Value,1
C01163,2344.6440000000002,3,5,2026-04-29,2026-06-20,India,West,Organic Search,Basic,781.55,52,1.71,1.75,2338.79,-5.85,Medium Value,2
C01164,5797.049999999999,4,11,2025-01-30,2025-02-27,Canada,East,Organic Search,Basic,1449.26,28,1.0,4.0,5797.04,-0.01,High Value,3
C01165,4706.832,2,8,2025-07-01,2025-08-03,United States,West,Email,Standard,2353.42,33,1.08,1.85,4702.13,-4.7,Medium Value,2
C01166,3620.716,1,2,2025-11-06,2025-11-06,India,Central,Email,Standard,3620.72,0,1.0,1.0,3620.72,0.0,Medium Value,2
C01167,1525.8000000000002,1,5,2025-02-07,2025-02-07,United Kingdom,West,Paid Search,Basic,1525.8,0,1.0,1.0,1525.8,-0.0,Low Value,1
C01168,15625.685500000001,4,16,2026-02-07,2026-03-24,India,East,Affiliate,Standard,3906.42,45,1.48,2.7,15610.05,-15.64,Very High Value,4
C01169,27650.28,3,13,2025-07-11,2025-09-16,India,Central,Paid Search,Premium,9216.76,67,2.2,1.36,27576.55,-73.73,Very High Value,4
C01170,5754.51,5,17,2025-02-28,2025-05-23,India,East,Social Media,Basic,1150.9,84,2.76,1.81,5749.44,-5.07,High Value,3
C01172,2513.4735,3,6,2025-04-29,2025-06-09,India,North,Paid Search,Basic,837.82,41,1.35,2.22,2510.95,-2.52,Medium Value,2
C01173,6410.614,4,9,2025-08-10,2025-10-15,India,West,Social Media,Standard,1602.65,66,2.17,1.84,6399.06,-11.55,High Value,3
C01174,3619.4325000000003,4,12,2025-06-23,2025-11-13,India,West,Paid Search,Basic,904.86,143,4.7,0.85,3614.92,-4.51,Medium Value,2
C01175,9974.437,3,8,2026-01-11,2026-03-10,India,East,Email,Standard,3324.81,58,1.91,1.57,9970.11,-4.33,High Value,3
C01176,657.2099999999999,1,4,2025-04-16,2025-04-16,Australia,East,Email,Basic,657.21,0,1.0,1.0,657.21,0.0,Low Value,1
C01177,682.65,1,1,2026-02-18,2026-02-18,India,Central,Organic Search,Basic,682.65,0,1.0,1.0,682.65,0.0,Low Value,1
C01178,9623.664,1,4,2025-11-08,2025-11-08,United Kingdom,South,Paid Search,Premium,9623.66,0,1.0,1.0,9623.66,-0.0,High Value,3
C01179,14403.295,3,11,2025-11-22,2025-12-24,India,East,Organic Search,Standard,4801.1,32,1.05,2.86,14417.7,14.41,Very High Value,4
C01180,3506.9175000000005,2,10,2025-08-23,2025-08-30,United Kingdom,North,Organic Search,Basic,1753.46,7,1.0,2.0,3506.92,0.0,Medium Value,2
C01181,583.02,1,2,2025-09-07,2025-09-07,India,East,Email,Basic,583.02,0,1.0,1.0,583.02,0.0,Low Value,1
C01182,1521.5595,1,3,2025-09-03,2025-09-03,India,Central,Email,Basic,1521.56,0,1.0,1.0,1521.56,0.0,Low Value,1
C01183,10901.590999999999,2,5,2026-04-12,2026-04-24,India,West,Organic Search,Premium,5450.8,12,1.0,2.0,10901.6,0.01,High Value,3
C01184,10812.852,1,3,2025-09-18,2025-09-18,United States,Central,Paid Search,Premium,10812.85,0,1.0,1.0,10812.85,-0.0,High Value,3
C01185,2095.4880000000003,2,7,2026-05-02,2026-05-15,India,North,Social Media,Basic,1047.74,13,1.0,2.0,2095.48,-0.01,Low Value,1
C01186,3407.88,2,8,2025-03-27,2025-04-05,Canada,East,Referral,Basic,1703.94,9,1.0,2.0,3407.88,0.0,Medium Value,2
C01187,3876.291,2,8,2026-05-06,2026-06-03,Canada,South,Organic Search,Basic,1938.15,28,1.0,2.0,3876.3,0.01,Medium Value,2
C01188,11612.6775,5,20,2025-04-28,2025-07-14,India,Central,Paid Search,Basic,2322.54,77,2.53,1.98,11634.53,21.85,High Value,3
C01189,12224.390000000001,2,7,2025-01-17,2025-02-16,India,East,Paid Search,Standard,6112.2,30,1.0,2.0,12224.4,0.01,Very High Value,4
C01190,4910.614,3,10,2025-12-08,2026-02-20,India,South,Affiliate,Basic,1636.87,74,2.43,1.23,4892.44,-18.17,High Value,3
C01191,10640.45,2,4,2026-03-09,2026-05-08,India,Central,Paid Search,Premium,5320.22,60,1.97,1.02,10690.45,50.0,High Value,3
C01192,5157.845,5,11,2025-09-25,2025-11-20,Canada,North,Referral,Basic,1031.57,56,1.84,2.72,5162.8,4.95,High Value,3
C01193,8786.616,3,5,2026-04-04,2026-06-07,Canada,West,Organic Search,Standard,2928.87,64,2.1,1.43,8795.4,8.78,High Value,3
C01194,3370.138,2,3,2025-08-07,2025-09-10,India,South,Affiliate,Standard,1685.07,34,1.12,1.79,3378.23,8.09,Medium Value,2
C01195,30098.567499999997,2,9,2025-03-25,2025-04-15,Australia,Central,Social Media,Premium,15049.28,21,1.0,2.0,30098.56,-0.01,Very High Value,4
C01196,20975.422000000002,4,16,2026-04-23,2026-06-19,India,Central,Organic Search,Standard,5243.86,57,1.87,2.14,20984.88,9.46,Very High Value,4
C01197,4132.969999999999,2,7,2025-11-05,2025-11-20,Australia,South,Referral,Basic,2066.48,15,1.0,2.0,4132.96,-0.01,Medium Value,2
C01198,19302.230000000003,3,7,2025-04-25,2025-06-29,India,West,Affiliate,Premium,6434.08,65,2.14,1.4,19276.5,-25.73,Very High Value,4
C01199,1314.1935,1,3,2025-10-25,2025-10-25,India,North,Paid Search,Basic,1314.19,0,1.0,1.0,1314.19,-0.0,Low Value,1
C01200,4470.845499999999,3,9,2025-06-15,2025-08-06,India,South,Referral,Standard,1490.28,52,1.71,1.75,4459.66,-11.19,Medium Value,2
